{
  "a1a": [
    [
      30086.587108271953,
      30432.095169929133
    ],
    [
      30333.07052823729,
      30302.82398842209
    ],
    [
      30325.090348823273,
      30291.994639981218
    ]
  ],
  "a2a": [
    [
      39037.808571783695,
      39319.101385716785
    ],
    [
      39439.24454105318,
      39314.320718964154
    ],
    [
      39364.95455299579,
      39322.182483982324
    ]
  ],
  "a3a": [
    [
      55704.27570237404,
      56089.85627203775
    ],
    [
      56095.404511627035,
      56171.14982661737
    ],
    [
      56187.00264231028,
      56176.33637746857
    ]
  ]
}