{
  "a1a": [
    [
      111.26119995117188,
      10.741082429885864
    ],
    [
      120.2020492553711,
      45.118178606033325
    ],
    [
      401.53749346733093,
      224.2509162425995
    ]
  ],
  "a2a": [
    [
      165.5382833480835,
      19.75371813774109
    ],
    [
      373.7279968261719,
      107.95033073425293
    ],
    [
      1217.804169178009,
      414.56287598609924
    ]
  ],
  "a3a": [
    [
      317.364629983902,
      33.37306261062622
    ],
    [
      765.4775671958923,
      160.61450028419495
    ],
    [
      1505.5242283344269,
      645.7341356277466
    ]
  ]
}