{
  "dimension": [
    500,
    1000,
    1500,
    2000,
    2500,
    3000,
    3500
  ],
  "thresholds": [
    1.0,
    0.25,
    0.1111111111111111,
    0.0625,
    0.04,
    0.027777777777777776,
    0.02040816326530612,
    0.015625,
    0.012345679012345678,
    0.01
  ],
  "times": [
    0.31275081634521484,
    0.8309779167175293,
    1.3991832733154297,
    2.1148617267608643,
    2.6839237213134766,
    3.4090516567230225,
    4.062189817428589,
    4.827802896499634,
    5.194526195526123,
    7.2256245613098145
  ],
  "primal_loss": [
    2082.760464191899,
    2078.0695247594817,
    2077.6981163022183,
    2077.650022906271,
    2077.5820436910753,
    2077.54861275065,
    2077.5307568201865,
    2077.5272928591603,
    2077.5138469809626,
    2077.5008271610673
  ],
  "dual_loss": [
    -2059.8930604351312,
    -2075.9447110264723,
    -2077.1150199667486,
    -2077.3196140581317,
    -2077.3957741150057,
    -2077.4201722698,
    -2077.4355818431295,
    -2077.4625499068097,
    -2077.4656201588123,
    -2077.475206776757
  ],
  "train_accuracy": [
    0.7568571428571429,
    0.7602857142857142,
    0.7594285714285715,
    0.7591428571428571,
    0.7585714285714286,
    0.7594285714285715,
    0.7594285714285715,
    0.7582857142857143,
    0.7591428571428571,
    0.7585714285714286
  ],
  "test_accuracy": [
    0.7417142857142857,
    0.7405714285714285,
    0.7428571428571429,
    0.744,
    0.744,
    0.7451428571428571,
    0.7428571428571429,
    0.7451428571428571,
    0.7428571428571429,
    0.7451428571428571
  ]
}