{
  "dimension": [
    500,
    1000,
    1500,
    2000,
    2500,
    3000,
    3500,
    4000,
    4500,
    5000,
    5500,
    6000,
    6500,
    7000,
    7500,
    8000,
    8500,
    9000
  ],
  "thresholds": [
    1.0,
    0.25,
    0.1111111111111111,
    0.0625,
    0.04,
    0.027777777777777776,
    0.02040816326530612,
    0.015625,
    0.012345679012345678,
    0.01
  ],
  "times": [
    0.20771121978759766,
    0.389934778213501,
    0.6642467975616455,
    0.8897626399993896,
    1.2760803699493408,
    1.7031359672546387,
    1.8216958045959473,
    2.6335020065307617,
    2.6350769996643066,
    3.6281321048736572
  ],
  "primal_loss": [
    562.4556386599687,
    561.5145700329575,
    561.4189004663341,
    561.4213974272546,
    561.3999147392618,
    561.3986111261232,
    561.3974075605905,
    561.3956418426678,
    561.3944006787679,
    561.3932178862943
  ],
  "dual_loss": [
    -559.1783630723809,
    -560.9971617415197,
    -561.2890468167565,
    -561.3489108362759,
    -561.3748159983886,
    -561.3821811309708,
    -561.3830817234044,
    -561.3884507222642,
    -561.3877125057979,
    -561.3897065123028
  ],
  "train_accuracy": [
    0.7185555555555555,
    0.7143333333333334,
    0.7148888888888889,
    0.7143333333333334,
    0.7142222222222222,
    0.7141111111111111,
    0.7143333333333334,
    0.7142222222222222,
    0.7138888888888889,
    0.7138888888888889
  ],
  "test_accuracy": [
    0.7142222222222222,
    0.7093333333333334,
    0.7088888888888889,
    0.708,
    0.708,
    0.708,
    0.7093333333333334,
    0.7084444444444444,
    0.7084444444444444,
    0.7084444444444444
  ]
}