{
  "dimension": [
    500,
    1000,
    1500
  ],
  "thresholds": [
    1.0,
    0.25,
    0.1111111111111111,
    0.0625,
    0.04,
    0.027777777777777776,
    0.02040816326530612,
    0.015625,
    0.012345679012345678,
    0.01
  ],
  "times": [
    0.12945866584777832,
    0.3088853359222412,
    0.5744192600250244,
    0.7545032501220703,
    1.1804327964782715,
    1.207434892654419,
    1.9663889408111572,
    1.7773759365081787,
    1.8804473876953125,
    3.0251779556274414
  ],
  "primal_loss": [
    926.983094913331,
    921.7575784045133,
    921.5599887374716,
    921.4140623388224,
    921.3670634516417,
    921.3562915003189,
    921.3623966487174,
    921.3437557899242,
    921.33489780927,
    921.3237981226365
  ],
  "dual_loss": [
    -912.2325377589342,
    -920.2646134976051,
    -921.0688993726412,
    -921.1900507725084,
    -921.271168961753,
    -921.2691267769818,
    -921.2988627666558,
    -921.2985275074177,
    -921.3045727978916,
    -921.3100765806898
  ],
  "train_accuracy": [
    0.7306666666666667,
    0.7213333333333334,
    0.72,
    0.7193333333333334,
    0.7186666666666667,
    0.718,
    0.7193333333333334,
    0.718,
    0.718,
    0.718
  ],
  "test_accuracy": [
    0.7626666666666667,
    0.7493333333333333,
    0.7466666666666667,
    0.7466666666666667,
    0.744,
    0.7466666666666667,
    0.744,
    0.7466666666666667,
    0.744,
    0.744
  ]
}