{
  "dimension": [
    500,
    1000,
    1500,
    2000,
    2500,
    3000,
    3500,
    4000,
    4500,
    5000,
    5500,
    6000,
    6500,
    7000,
    7500,
    8000
  ],
  "thresholds": [
    1.0,
    0.25,
    0.1111111111111111,
    0.0625,
    0.04,
    0.027777777777777776,
    0.02040816326530612,
    0.015625,
    0.012345679012345678,
    0.01
  ],
  "times": [
    0.186187744140625,
    0.34336042404174805,
    0.60133957862854,
    0.923142671585083,
    1.1203949451446533,
    1.4477267265319824,
    1.906029462814331,
    2.727519989013672,
    2.783935070037842,
    3.1350228786468506
  ],
  "primal_loss": [
    507.29942479654255,
    506.54835816041935,
    506.3533052122489,
    506.3249760339244,
    506.3176161776503,
    506.31426304370007,
    506.31234723425723,
    506.31468540392024,
    506.310599297584,
    506.3117572324863
  ],
  "dual_loss": [
    -504.2935311036315,
    -505.8801255358514,
    -506.18619527509276,
    -506.2677880841692,
    -506.28344380824035,
    -506.2956864389146,
    -506.2982852872325,
    -506.30520758553047,
    -506.30484416459956,
    -506.30554854840824
  ],
  "train_accuracy": [
    0.703,
    0.695,
    0.6915,
    0.691375,
    0.691625,
    0.691625,
    0.691625,
    0.691625,
    0.691625,
    0.691625
  ],
  "test_accuracy": [
    0.7005,
    0.6955,
    0.6945,
    0.694,
    0.6945,
    0.694,
    0.695,
    0.6945,
    0.6945,
    0.694
  ]
}