{
  "dimension": [
    1000,
    2000,
    3000,
    4000,
    5000,
    6000
  ],
  "thresholds": [
    0.1,
    0.01,
    0.001,
    0.0001
  ],
  "times": [
    1.9287352561950684,
    7.574662446975708,
    27.60001301765442,
    41.30155110359192
  ],
  "primal_loss": [
    1950.7095849660752,
    1950.606797490426,
    1950.5937433896224,
    1950.5924946056448
  ],
  "dual_loss": [
    -1950.4762803459512,
    -1950.5894614313893,
    -1950.5921385814038,
    -1950.5922690137188
  ],
  "train_accuracy": [
    0.7515625,
    0.7509375,
    0.750625,
    0.7509375
  ],
  "test_accuracy": [
    0.73625,
    0.735,
    0.735,
    0.735
  ]
}