{
  "dimension": [
    1000,
    2000,
    3000,
    4000,
    5000,
    6000
  ],
  "thresholds": [
    0.1,
    0.01,
    0.001,
    0.0001
  ],
  "times": [
    0.7665636539459229,
    2.722191095352173,
    9.531103134155273,
    41.64879488945007
  ],
  "primal_loss": [
    307.82419442198625,
    307.81492610705095,
    307.81418782015055,
    307.81405719317604
  ],
  "dual_loss": [
    -307.7943207745138,
    -307.8132939478308,
    -307.81400650708196,
    -307.814034224437
  ],
  "train_accuracy": [
    0.6927083333333334,
    0.6927083333333334,
    0.6927083333333334,
    0.6927083333333334
  ],
  "test_accuracy": [
    0.7133333333333334,
    0.7133333333333334,
    0.7133333333333334,
    0.7133333333333334
  ]
}