{
  "dimension": [
    500,
    1000,
    1500,
    2000,
    2500
  ],
  "thresholds": [
    1.0,
    0.25,
    0.1111111111111111,
    0.0625,
    0.04,
    0.027777777777777776,
    0.02040816326530612,
    0.015625,
    0.012345679012345678,
    0.01
  ],
  "times": [
    0.20312762260437012,
    0.5083942413330078,
    0.9434003829956055,
    1.4550914764404297,
    1.9720075130462646,
    2.7061469554901123,
    2.918875217437744,
    4.76174259185791,
    3.9222137928009033,
    4.18107008934021
  ],
  "primal_loss": [
    1508.6345288754105,
    1496.8770548245013,
    1496.4012711338996,
    1496.2272486554255,
    1496.1981654394096,
    1496.2072384676585,
    1496.1403308724985,
    1496.152466394204,
    1496.1331817145824,
    1496.1551139756116
  ],
  "dual_loss": [
    -1482.718976709833,
    -1494.2072076897348,
    -1495.6763840161618,
    -1495.9204371746364,
    -1496.0105270046429,
    -1496.0707738411033,
    -1496.0875705523906,
    -1496.092896979735,
    -1496.0906813759152,
    -1496.0987306344848
  ],
  "train_accuracy": [
    0.73,
    0.716,
    0.7136,
    0.7136,
    0.7132,
    0.7124,
    0.7128,
    0.7128,
    0.7124,
    0.7124
  ],
  "test_accuracy": [
    0.688,
    0.6592,
    0.6544,
    0.6544,
    0.6544,
    0.6512,
    0.6528,
    0.6512,
    0.6512,
    0.6512
  ]
}