{
  "dimension": [
    500,
    1000,
    1500,
    2000,
    2500,
    3000,
    3500,
    4000,
    4500,
    5000,
    5500,
    6000,
    6500,
    7000,
    7500,
    8000,
    8500
  ],
  "thresholds": [
    1.0,
    0.25,
    0.1111111111111111,
    0.0625,
    0.04,
    0.027777777777777776,
    0.02040816326530612,
    0.015625,
    0.012345679012345678,
    0.01
  ],
  "times": [
    0.9010574817657471,
    2.212594747543335,
    4.08631706237793,
    6.017645359039307,
    8.525886535644531,
    10.029960632324219,
    14.358578205108643,
    12.610460996627808,
    16.361674070358276,
    21.069851636886597
  ],
  "primal_loss": [
    4992.929723943698,
    4983.599093884377,
    4982.894801562893,
    4982.754889562264,
    4982.698304991316,
    4982.737316794435,
    4982.6816062135995,
    4982.665737436576,
    4982.648313457041,
    4982.644620834308
  ],
  "dual_loss": [
    -4949.757077380544,
    -4979.3206850271035,
    -4981.892872923822,
    -4982.320325164708,
    -4982.525019282625,
    -4982.552067398747,
    -4982.586611869684,
    -4982.5814315622065,
    -4982.602129640433,
    -4982.603212837117
  ],
  "train_accuracy": [
    0.7669411764705882,
    0.766,
    0.7656470588235295,
    0.7661176470588236,
    0.7664705882352941,
    0.7664705882352941,
    0.7664705882352941,
    0.766,
    0.7665882352941177,
    0.7664705882352941
  ],
  "test_accuracy": [
    0.7614117647058823,
    0.7614117647058823,
    0.7581176470588236,
    0.7581176470588236,
    0.7581176470588236,
    0.7585882352941177,
    0.7581176470588236,
    0.7585882352941177,
    0.7581176470588236,
    0.7590588235294118
  ]
}