{
  "dimension": [
    1000,
    2000,
    3000,
    4000,
    5000,
    6000
  ],
  "thresholds": [
    0.1,
    0.01,
    0.001,
    0.0001
  ],
  "times": [
    0.443312406539917,
    1.2097053527832031,
    1.9100887775421143,
    11.74141240119934
  ],
  "primal_loss": [
    476.7524048553389,
    476.6735903882815,
    476.66167196474504,
    476.66015749433456
  ],
  "dual_loss": [
    -476.5877829558097,
    -476.65547184061063,
    -476.65992960357886,
    -476.65998348367236
  ],
  "train_accuracy": [
    0.73875,
    0.7375,
    0.7375,
    0.7375
  ],
  "test_accuracy": [
    0.67,
    0.67,
    0.67,
    0.67
  ]
}