{
  "thresholds": 0.001,
  "features": [
    20,
    30,
    40,
    54
  ],
  "times": [
    12.049514532089233,
    0.34018874168395996,
    24.40546941757202,
    28.983609914779663
  ],
  "primal_loss": [
    2136.734033657407,
    1729.6091889158054,
    1480.223620145687,
    1508.5037122421886
  ],
  "dual_loss": [
    -2136.7329436211603,
    -1729.59999981414,
    -1480.2216789842942,
    -1508.5021065748028
  ],
  "train_accuracy": [
    0.5725,
    0.6433333333333333,
    0.7525,
    0.7508333333333334
  ],
  "test_accuracy": [
    0.55,
    0.6416666666666667,
    0.7266666666666667,
    0.77
  ],
  "dimension": 3000
}