{
  "dimension": 2265,
  "thresholds": [
    0.1,
    0.01,
    0.001,
    0.0001
  ],
  "times": [
    2.1899871826171875,
    5.524477243423462,
    34.12351322174072,
    51.05152606964111
  ],
  "primal_loss": [
    829.0967948727681,
    828.9318564075791,
    828.9078580292836,
    828.9055250322391
  ],
  "dual_loss": [
    -828.9734819396862,
    -829.0434540123952,
    -829.0456445331404,
    -829.045539721053
  ],
  "train_accuracy": [
    0.8437086092715231,
    0.8428256070640177,
    0.8432671081677704,
    0.8432671081677704
  ]
}