{
  "dimension": [
    500,
    1000,
    1500,
    2000,
    2500,
    3000,
    3500,
    4000,
    4500,
    5000,
    5500,
    6000,
    6500,
    7000,
    7500,
    8000,
    8500,
    9000,
    9500,
    10000
  ],
  "thresholds": [
    1.0,
    0.25,
    0.1111111111111111,
    0.0625,
    0.04,
    0.027777777777777776,
    0.02040816326530612,
    0.015625,
    0.012345679012345678,
    0.01
  ],
  "times": [
    0.19086861610412598,
    0.474628210067749,
    0.7788231372833252,
    1.1138575077056885,
    1.6032533645629883,
    1.911545991897583,
    2.4431235790252686,
    3.3276000022888184,
    3.7650539875030518,
    3.9078335762023926
  ],
  "primal_loss": [
    624.3272542126443,
    622.050834207303,
    622.0338521012615,
    621.9583230611698,
    621.9380103823663,
    621.9373354254914,
    621.9347099765571,
    621.9332781909735,
    621.9341469008523,
    621.9326850883187
  ],
  "dual_loss": [
    -618.0420431250427,
    -621.4516269732587,
    -621.792811515358,
    -621.8632801175821,
    -621.9052257700524,
    -621.9153258987213,
    -621.9215753814361,
    -621.9264348807233,
    -621.927771669703,
    -621.9290432984859
  ],
  "train_accuracy": [
    0.7023,
    0.6952,
    0.6951,
    0.6954,
    0.6951,
    0.6951,
    0.6951,
    0.6951,
    0.6952,
    0.6952
  ],
  "test_accuracy": [
    0.7056,
    0.7008,
    0.7012,
    0.7016,
    0.7008,
    0.7012,
    0.7008,
    0.7008,
    0.7008,
    0.7008
  ]
}