{
  "dimension": [
    500,
    1000,
    1500,
    2000,
    2500,
    3000,
    3500,
    4000,
    4500
  ],
  "thresholds": [
    1.0,
    0.25,
    0.1111111111111111,
    0.0625,
    0.04,
    0.027777777777777776,
    0.02040816326530612,
    0.015625,
    0.012345679012345678,
    0.01
  ],
  "times": [
    0.40961694717407227,
    0.9412357807159424,
    1.9113550186157227,
    2.7830958366394043,
    4.077253818511963,
    5.109146356582642,
    5.72628378868103,
    7.94008207321167,
    9.888859272003174,
    10.434583902359009
  ],
  "primal_loss": [
    2661.3625456295704,
    2659.4893381877255,
    2659.128818822542,
    2658.784170705103,
    2658.7637874547354,
    2658.7035703688416,
    2658.6995981643386,
    2658.681474810391,
    2658.6788732318732,
    2658.6743212571732
  ],
  "dual_loss": [
    -2636.4855784112597,
    -2655.7356000034697,
    -2658.1333603166677,
    -2658.4268634864748,
    -2658.5498412610755,
    -2658.575828832658,
    -2658.603706094531,
    -2658.6291841097304,
    -2658.635535293676,
    -2658.6379388348887
  ],
  "train_accuracy": [
    0.7637777777777778,
    0.7651111111111111,
    0.7675555555555555,
    0.7655555555555555,
    0.7657777777777778,
    0.766,
    0.7666666666666667,
    0.7662222222222222,
    0.7664444444444445,
    0.766
  ],
  "test_accuracy": [
    0.7564444444444445,
    0.76,
    0.7546666666666667,
    0.7564444444444445,
    0.7564444444444445,
    0.7555555555555555,
    0.7555555555555555,
    0.7555555555555555,
    0.7564444444444445,
    0.7555555555555555
  ]
}