{
  "thresholds": 0.001,
  "features": [
    20,
    30,
    40,
    54
  ],
  "times": [
    5.861812353134155,
    0.2800769805908203,
    0.3833041191101074,
    13.837624073028564
  ],
  "primal_loss": [
    2036.634284673455,
    1768.5211810960561,
    1546.0111097829158,
    1479.5229238155591
  ],
  "dual_loss": [
    -2036.6331506700194,
    -1768.518867847392,
    -1545.999999695615,
    -1479.5208985418678
  ],
  "train_accuracy": [
    0.5883333333333334,
    0.635,
    0.6825,
    0.74375
  ],
  "test_accuracy": [
    0.5616666666666666,
    0.6116666666666667,
    0.6816666666666666,
    0.7383333333333333
  ],
  "dimension": 3000
}