{
  "dimension": [
    500,
    1000,
    1500,
    2000,
    2500,
    3000,
    3500,
    4000,
    4500,
    5000,
    5500,
    6000,
    6500,
    7000,
    7500,
    8000,
    8500
  ],
  "thresholds": [
    1.0,
    0.25,
    0.1111111111111111,
    0.0625,
    0.04,
    0.027777777777777776,
    0.02040816326530612,
    0.015625,
    0.012345679012345678,
    0.01
  ],
  "times": [
    0.1615755558013916,
    0.3998398780822754,
    0.6898212432861328,
    0.9360654354095459,
    1.147223949432373,
    1.588510513305664,
    1.894179105758667,
    2.170325517654419,
    2.75407075881958,
    2.9226417541503906
  ],
  "primal_loss": [
    545.2483338072009,
    544.4658677082593,
    543.9996724693627,
    543.9899540817156,
    543.9860112486314,
    543.9783202417156,
    543.9758099808317,
    543.9780276282112,
    543.9751623122744,
    543.9746598538054
  ],
  "dual_loss": [
    -540.6258293687268,
    -543.6001419267097,
    -543.8909317686415,
    -543.9335963502408,
    -543.9545648115136,
    -543.9627671358032,
    -543.9658118542599,
    -543.9681807248243,
    -543.9698472148419,
    -543.9699635117784
  ],
  "train_accuracy": [
    0.7005882352941176,
    0.6912941176470588,
    0.6910588235294117,
    0.6908235294117647,
    0.6910588235294117,
    0.6910588235294117,
    0.6908235294117647,
    0.6908235294117647,
    0.6908235294117647,
    0.6908235294117647
  ],
  "test_accuracy": [
    0.7058823529411765,
    0.7021176470588235,
    0.7011764705882353,
    0.7011764705882353,
    0.7007058823529412,
    0.7002352941176471,
    0.7007058823529412,
    0.7002352941176471,
    0.7007058823529412,
    0.7007058823529412
  ]
}