{
  "dimension": [
    1000,
    2000,
    3000,
    4000,
    5000,
    6000
  ],
  "thresholds": [
    0.1,
    0.01,
    0.001,
    0.0001
  ],
  "times": [
    0.3972506523132324,
    1.728320598602295,
    8.403204679489136,
    46.29122519493103
  ],
  "primal_loss": [
    213.67883719267198,
    213.6661363414402,
    213.66502833423718,
    213.66492419794815
  ],
  "dual_loss": [
    -213.64833027908293,
    -213.66401985619456,
    -213.6648776666537,
    -213.66491070676832
  ],
  "train_accuracy": [
    0.6840625,
    0.6840625,
    0.6840625,
    0.6840625
  ],
  "test_accuracy": [
    0.50375,
    0.50375,
    0.50375,
    0.50375
  ]
}