{
  "dimension": [
    1000,
    2000,
    3000,
    4000,
    5000,
    6000
  ],
  "thresholds": [
    0.1,
    0.01,
    0.001,
    0.0001
  ],
  "times": [
    0.5380539894104004,
    2.0413222312927246,
    7.021906137466431,
    19.8236300945282
  ],
  "primal_loss": [
    262.9970121192635,
    262.9854789875403,
    262.98497356517305,
    262.9848298992054
  ],
  "dual_loss": [
    -262.966635947958,
    -262.984030507369,
    -262.9847783663724,
    -262.9848072598371
  ],
  "train_accuracy": [
    0.68575,
    0.68625,
    0.686,
    0.686
  ],
  "test_accuracy": [
    0.68,
    0.68,
    0.68,
    0.68
  ]
}