{
  "dimension": [
    1000,
    2000,
    3000,
    4000,
    5000,
    6000
  ],
  "thresholds": [
    0.1,
    0.01,
    0.001,
    0.0001
  ],
  "times": [
    3.7095654010772705,
    14.590421676635742,
    62.90922784805298,
    216.33608555793762
  ],
  "primal_loss": [
    2906.7187586818836,
    2906.625076651011,
    2906.612832227712,
    2906.6117688778786
  ],
  "dual_loss": [
    -2906.4653250216784,
    -2906.606931795956,
    -2906.610945748339,
    -2906.6116010008705
  ],
  "train_accuracy": [
    0.76375,
    0.76375,
    0.7633333333333333,
    0.7635416666666667
  ],
  "test_accuracy": [
    0.7483333333333333,
    0.7483333333333333,
    0.7491666666666666,
    0.7491666666666666
  ]
}