{
  "dimension": [
    1000,
    2000,
    3000,
    4000,
    5000,
    6000
  ],
  "thresholds": [
    0.1,
    0.01,
    0.001,
    0.0001
  ],
  "times": [
    0.05308413505554199,
    0.1364915370941162,
    0.5538103580474854,
    0.4891386032104492
  ],
  "primal_loss": [
    0.2930935121179038,
    0.17584447380078344,
    0.16776026426247756,
    0.1670165533346996
  ],
  "dual_loss": [
    -0.16342018558752752,
    -0.16676899514598187,
    -0.16687591092193643,
    -0.16687609797600797
  ],
  "train_accuracy": [
    0.5270833333333333,
    0.5270833333333333,
    0.5270833333333333,
    0.5270833333333333
  ],
  "test_accuracy": [
    0.505,
    0.505,
    0.505,
    0.505
  ]
}