{
  "dimension": [
    1000,
    2000,
    3000,
    4000,
    5000,
    6000
  ],
  "thresholds": [
    0.1,
    0.01,
    0.001,
    0.0001
  ],
  "times": [
    0.05767560005187988,
    0.10326027870178223,
    0.2044532299041748,
    0.28886866569519043
  ],
  "primal_loss": [
    0.48977334752309665,
    0.18928062145473978,
    0.17260015521463906,
    0.17165636954126617
  ],
  "dual_loss": [
    -0.16968816789273145,
    -0.17153719933243927,
    -0.17156544662457682,
    -0.17156581218247344
  ],
  "train_accuracy": [
    0.5079166666666667,
    0.5079166666666667,
    0.5079166666666667,
    0.5079166666666667
  ],
  "test_accuracy": [
    0.515,
    0.515,
    0.515,
    0.515
  ]
}