{
  "dimension": [
    500,
    1000,
    1500,
    2000,
    2500,
    3000,
    3500,
    4000,
    4500,
    5000,
    5500,
    6000,
    6500,
    7000,
    7500,
    8000,
    8500,
    9000,
    9500,
    10000
  ],
  "thresholds": [
    1.0,
    0.25,
    0.1111111111111111,
    0.0625,
    0.04,
    0.027777777777777776,
    0.02040816326530612,
    0.015625,
    0.012345679012345678,
    0.01
  ],
  "times": [
    1.0489416122436523,
    2.806648015975952,
    4.734222650527954,
    7.189053297042847,
    10.12961220741272,
    13.964228868484497,
    13.448304414749146,
    18.56113910675049,
    23.021876096725464,
    27.65503692626953
  ],
  "primal_loss": [
    5895.122300238946,
    5872.137570787291,
    5871.913926743331,
    5871.59338832453,
    5871.4938703508105,
    5871.439578616514,
    5871.452363885316,
    5871.405339357627,
    5871.388601352821,
    5871.382843265377
  ],
  "dual_loss": [
    -5836.80801010542,
    -5868.396714386187,
    -5870.573263132572,
    -5871.08275146314,
    -5871.230368559848,
    -5871.290189014072,
    -5871.287084827351,
    -5871.323159399572,
    -5871.3391450695435,
    -5871.346742502849
  ],
  "train_accuracy": [
    0.7673,
    0.7649,
    0.7647,
    0.7657,
    0.7658,
    0.7654,
    0.7659,
    0.7655,
    0.7655,
    0.7656
  ],
  "test_accuracy": [
    0.7668,
    0.7656,
    0.7656,
    0.7648,
    0.7652,
    0.7656,
    0.7648,
    0.7652,
    0.7652,
    0.7652
  ]
}