{
  "dimension": 12000,
  "times": [
    0.500004768371582,
    1.0000004768371582,
    1.5000028610229492,
    2.000002861022949,
    2.50000262260437,
    3.0000009536743164,
    3.50000262260437,
    4.000003337860107,
    4.500002861022949,
    5.000000715255737,
    5.500000953674316,
    6.000000953674316,
    6.500001907348633,
    7.000001668930054,
    7.500002861022949,
    8.00000286102295,
    8.500000953674316,
    9.000001430511475,
    9.500001907348633,
    10.000000238418579
  ],
  "primal_loss": [],
  "dual_loss": [],
  "train_accuracy": [
    0.758,
    0.7611666666666667,
    0.759,
    0.7625,
    0.7643333333333333,
    0.7626666666666667,
    0.7636666666666667,
    0.7625833333333333,
    0.7634166666666666,
    0.7631666666666667,
    0.7625833333333333,
    0.76325,
    0.76275,
    0.7628333333333334,
    0.7625833333333333,
    0.76325,
    0.7631666666666667,
    0.76325,
    0.7623333333333333,
    0.7629166666666667
  ],
  "test_accuracy": [
    0.7506666666666667,
    0.7456666666666667,
    0.745,
    0.7516666666666667,
    0.7523333333333333,
    0.7496666666666667,
    0.75,
    0.752,
    0.7503333333333333,
    0.7523333333333333,
    0.751,
    0.751,
    0.7516666666666667,
    0.7513333333333333,
    0.753,
    0.7523333333333333,
    0.752,
    0.7523333333333333,
    0.752,
    0.7523333333333333
  ]
}