{
  "dimension": [
    1000,
    2000,
    3000,
    4000,
    5000,
    6000
  ],
  "thresholds": [
    0.1,
    0.01,
    0.001,
    0.0001
  ],
  "times": [
    0.30307483673095703,
    1.2635471820831299,
    6.414177417755127,
    15.74001431465149
  ],
  "primal_loss": [
    151.07374948918405,
    151.06770565991226,
    151.06644935664102,
    151.0663557663202
  ],
  "dual_loss": [
    -151.04466563187717,
    -151.06531285158923,
    -151.06628897560566,
    -151.06633679605116
  ],
  "train_accuracy": [
    0.7091666666666666,
    0.7091666666666666,
    0.7091666666666666,
    0.7091666666666666
  ],
  "test_accuracy": [
    0.5166666666666667,
    0.5166666666666667,
    0.5166666666666667,
    0.5166666666666667
  ]
}