{
  "thresholds": 0.01,
  "features": [
    20,
    30,
    40,
    54
  ],
  "times": [
    6.707179069519043,
    0.3971388339996338,
    10.747071743011475,
    10.184418678283691
  ],
  "primal_loss": [
    3688.8029132870097,
    3327.025456890183,
    3119.183503346541,
    2776.6784680509268
  ],
  "dual_loss": [
    -3688.7818998625917,
    -3326.999956541545,
    -3119.1583782552343,
    -2776.6451225156375
  ],
  "train_accuracy": [
    0.6547916666666667,
    0.6572916666666667,
    0.73375,
    0.756875
  ],
  "test_accuracy": [
    0.6441666666666667,
    0.6783333333333333,
    0.7391666666666666,
    0.7425
  ],
  "dimension": 4800
}