{
  "dimension": [
    500,
    1000,
    1500,
    2000,
    2500,
    3000,
    3500,
    4000
  ],
  "thresholds": [
    1.0,
    0.25,
    0.1111111111111111,
    0.0625,
    0.04,
    0.027777777777777776,
    0.02040816326530612,
    0.015625,
    0.012345679012345678,
    0.01
  ],
  "times": [
    0.05647397041320801,
    0.13692450523376465,
    0.2594459056854248,
    0.42757701873779297,
    0.5749318599700928,
    0.7873313426971436,
    0.9738638401031494,
    1.0604350566864014,
    1.1435434818267822,
    1.4092040061950684
  ],
  "primal_loss": [
    258.4230755571906,
    255.7683325840476,
    255.5891223402824,
    255.55352195163823,
    255.55916942210084,
    255.53759438445482,
    255.53675009984693,
    255.5352614999089,
    255.5371912998505,
    255.53410219879615
  ],
  "dual_loss": [
    -252.6038604052716,
    -255.05972618564184,
    -255.4064756769717,
    -255.48663891927174,
    -255.51064977438256,
    -255.52345122815615,
    -255.52672819973478,
    -255.52724618287218,
    -255.52938362283308,
    -255.5299339325104
  ],
  "train_accuracy": [
    0.69525,
    0.69575,
    0.696,
    0.69625,
    0.69625,
    0.69625,
    0.69625,
    0.69625,
    0.69625,
    0.69625
  ],
  "test_accuracy": [
    0.657,
    0.656,
    0.657,
    0.657,
    0.657,
    0.657,
    0.657,
    0.657,
    0.657,
    0.657
  ]
}