{
  "dimensions": 300,
  "thresholds": [
    0.1,
    0.01,
    0.001,
    0.0001
  ],
  "times": [
    0.9588172435760498,
    0.9056873321533203,
    0.9191224098205566,
    0.8991782665252686
  ],
  "loss": [
    78.01217550736632,
    78.0122368666604,
    78.01219500890083,
    78.01221277753243
  ]
}