{
  "dimension": [
    500,
    1000,
    1500,
    2000,
    2500,
    3000,
    3500,
    4000,
    4500,
    5000,
    5500,
    6000,
    6500,
    7000,
    7500
  ],
  "thresholds": [
    1.0,
    0.25,
    0.1111111111111111,
    0.0625,
    0.04,
    0.027777777777777776,
    0.02040816326530612,
    0.015625,
    0.012345679012345678,
    0.01
  ],
  "times": [
    0.7873325347900391,
    2.0434720516204834,
    3.6015803813934326,
    5.338331937789917,
    7.532015800476074,
    9.601647138595581,
    9.981799125671387,
    13.437589406967163,
    18.74092698097229,
    20.79483723640442
  ],
  "primal_loss": [
    4440.97711021236,
    4430.568544536876,
    4429.886958629262,
    4429.733172465325,
    4429.57170989679,
    4429.470746348898,
    4429.482884767649,
    4429.468347244318,
    4429.4706448581,
    4429.450961166187
  ],
  "dual_loss": [
    -4402.8043213102455,
    -4426.60712266955,
    -4428.803358147359,
    -4429.122761034978,
    -4429.308208956125,
    -4429.379535703798,
    -4429.373999275273,
    -4429.395436237298,
    -4429.4083334749785,
    -4429.419718812869
  ],
  "train_accuracy": [
    0.7652,
    0.7646666666666667,
    0.7637333333333334,
    0.7637333333333334,
    0.7633333333333333,
    0.764,
    0.7633333333333333,
    0.7636,
    0.7630666666666667,
    0.7638666666666667
  ],
  "test_accuracy": [
    0.7413333333333333,
    0.7376,
    0.7354666666666667,
    0.736,
    0.7365333333333334,
    0.7365333333333334,
    0.7370666666666666,
    0.7365333333333334,
    0.736,
    0.7354666666666667
  ]
}