{
  "dimension": [
    1000,
    2000,
    3000,
    4000,
    5000,
    6000
  ],
  "thresholds": [
    0.1,
    0.01,
    0.001,
    0.0001
  ],
  "times": [
    4.052852392196655,
    15.773770809173584,
    50.46833300590515,
    195.0638644695282
  ],
  "primal_loss": [
    2866.8873497580116,
    2866.7845077110783,
    2866.769602989645,
    2866.7681021278972
  ],
  "dual_loss": [
    -2866.64169080008,
    -2866.7590357703743,
    -2866.7676209388583,
    -2866.767891517098
  ],
  "train_accuracy": [
    0.751875,
    0.7525,
    0.7527083333333333,
    0.7527083333333333
  ],
  "test_accuracy": [
    0.5125,
    0.5125,
    0.5125,
    0.5116666666666667
  ]
}