{
  "thresholds": 0.001,
  "features": [
    20,
    30,
    40,
    54
  ],
  "times": [
    1.9428982734680176,
    1.779106855392456,
    0.15127182006835938,
    4.714015483856201
  ],
  "primal_loss": [
    193.9513508108117,
    185.77286117689317,
    191.2751336282153,
    160.26815285161229
  ],
  "dual_loss": [
    -193.95129244125076,
    -185.77274700760898,
    -191.27421031481322,
    -160.2679627669995
  ],
  "train_accuracy": [
    0.6175,
    0.6291666666666667,
    0.6404166666666666,
    0.6916666666666667
  ],
  "test_accuracy": [
    0.6166666666666667,
    0.65,
    0.625,
    0.6866666666666666
  ],
  "dimension": 3000
}