{
  "dimension": [
    500,
    1000,
    1500,
    2000,
    2500,
    3000
  ],
  "thresholds": [
    1.0,
    0.25,
    0.1111111111111111,
    0.0625,
    0.04,
    0.027777777777777776,
    0.02040816326530612,
    0.015625,
    0.012345679012345678,
    0.01
  ],
  "times": [
    0.03030562400817871,
    0.09777092933654785,
    0.19725298881530762,
    0.30388545989990234,
    0.46975135803222656,
    0.6276800632476807,
    0.8047525882720947,
    0.9378690719604492,
    1.0215795040130615,
    1.2082951068878174
  ],
  "primal_loss": [
    201.19582437172076,
    198.46824627252226,
    198.25619942572206,
    198.23574919678995,
    198.243358304298,
    198.2289956627133,
    198.2270209015417,
    198.22675287652248,
    198.2268099493115,
    198.2282589320051
  ],
  "dual_loss": [
    -194.72369244350978,
    -197.7612592687121,
    -198.1003795520207,
    -198.1726122663455,
    -198.20151603596523,
    -198.2110740873234,
    -198.2167364387995,
    -198.21942653942511,
    -198.21955967404992,
    -198.22128509935587
  ],
  "train_accuracy": [
    0.687,
    0.6893333333333334,
    0.6876666666666666,
    0.6866666666666666,
    0.687,
    0.6866666666666666,
    0.6866666666666666,
    0.6873333333333334,
    0.6866666666666666,
    0.687
  ],
  "test_accuracy": [
    0.6853333333333333,
    0.684,
    0.684,
    0.684,
    0.684,
    0.684,
    0.684,
    0.684,
    0.684,
    0.684
  ]
}