{
  "dimension": [
    1000,
    2000,
    3000,
    4000,
    5000,
    6000
  ],
  "thresholds": [
    0.1,
    0.01,
    0.001,
    0.0001
  ],
  "times": [
    1.285041093826294,
    4.689759254455566,
    34.94711756706238,
    106.75356459617615
  ],
  "primal_loss": [
    1380.1857505629384,
    1380.1102651810734,
    1380.094564539237,
    1380.0936906644843
  ],
  "dual_loss": [
    -1380.0139330523607,
    -1380.08745629771,
    -1380.0932957793716,
    -1380.0934721875888
  ],
  "train_accuracy": [
    0.7716666666666666,
    0.77125,
    0.7708333333333334,
    0.7708333333333334
  ],
  "test_accuracy": [
    0.73,
    0.73,
    0.7316666666666667,
    0.7316666666666667
  ]
}