{
  "dimension": 4781,
  "thresholds": [
    0.1,
    0.01,
    0.001,
    0.0001
  ],
  "times": [
    5.679620981216431,
    28.307926177978516,
    76.06039690971375,
    86.22707772254944
  ],
  "primal_loss": [
    1669.8596961909711,
    1669.6732108415092,
    1669.6500016599327,
    1669.6474146062174
  ],
  "dual_loss": [
    -1669.5642214681154,
    -1669.730129208315,
    -1669.7324590516623,
    -1669.7324076467714
  ],
  "train_accuracy": [
    0.8479397615561598,
    0.8487764066094959,
    0.84898556787283,
    0.84898556787283
  ]
}