{
  "dimensions": 300,
  "thresholds": 0.0001,
  "features": [
    100,
    200,
    300,
    400,
    500
  ],
  "times": [
    4.351523494720459,
    1.7691191673278808,
    0.22966065406799316,
    0.20023808479309083,
    0.13342595100402832
  ],
  "loss": [
    816.2034752352099,
    189.89632351518944,
    19.686901471598077,
    10.309253296468176,
    7.5208070982002315
  ]
}