{
  "dimension": [
    500,
    1000,
    1500,
    2000,
    2500,
    3000,
    3500,
    4000,
    4500,
    5000
  ],
  "thresholds": [
    1.0,
    0.25,
    0.1111111111111111,
    0.0625,
    0.04,
    0.027777777777777776,
    0.02040816326530612,
    0.015625,
    0.012345679012345678,
    0.01
  ],
  "times": [
    0.5206146240234375,
    1.2922694683074951,
    2.2484607696533203,
    3.5001604557037354,
    4.230599403381348,
    5.604332447052002,
    6.045078754425049,
    7.151537179946899,
    8.968098878860474,
    13.869927406311035
  ],
  "primal_loss": [
    2925.8444449779854,
    2911.3769621613615,
    2910.942110652153,
    2910.6567102189006,
    2910.599986310698,
    2910.556268135794,
    2910.56886451996,
    2910.534554221404,
    2910.528081191815,
    2910.5204546361515
  ],
  "dual_loss": [
    -2892.2488112921583,
    -2909.0057843038758,
    -2910.0777913515076,
    -2910.308330332557,
    -2910.4108319003562,
    -2910.4461723387417,
    -2910.462127007317,
    -2910.4684000276875,
    -2910.4784189383154,
    -2910.493981871844
  ],
  "train_accuracy": [
    0.7564,
    0.7584,
    0.757,
    0.757,
    0.7568,
    0.7572,
    0.7578,
    0.7574,
    0.7576,
    0.7574
  ],
  "test_accuracy": [
    0.7672,
    0.7712,
    0.7688,
    0.7672,
    0.7688,
    0.7688,
    0.7696,
    0.768,
    0.768,
    0.7688
  ]
}