{
  "dimension": [
    1000,
    2000,
    3000,
    4000,
    5000,
    6000
  ],
  "thresholds": [
    0.1,
    0.01,
    0.001,
    0.0001
  ],
  "times": [
    0.7151286602020264,
    2.6382393836975098,
    12.109176874160767,
    31.62780237197876
  ],
  "primal_loss": [
    302.3317229428555,
    302.32414518295303,
    302.32304480352144,
    302.3229454792442
  ],
  "dual_loss": [
    -302.3022633789053,
    -302.32181096713384,
    -302.32288972424095,
    -302.3229185952338
  ],
  "train_accuracy": [
    0.6960416666666667,
    0.6960416666666667,
    0.6960416666666667,
    0.6960416666666667
  ],
  "test_accuracy": [
    0.4875,
    0.4875,
    0.4875,
    0.4875
  ]
}