{
  "dimension": 464000,
  "times": [
    1.0000007152557373,
    2.0000038146972656,
    3.0000011920928955,
    4.000004529953003,
    5.000004053115845,
    6.000000715255737,
    7.000002384185791,
    8.000000715255737,
    9.000015020370483,
    10.000000715255737,
    11.000001907348633,
    12.000003576278687,
    13.000001907348633,
    14.000004053115845,
    15.000002145767212,
    16.000001668930054,
    17.000004768371582,
    18.00000286102295,
    19.000001192092896,
    20.00000524520874
  ],
  "primal_loss": [],
  "dual_loss": [],
  "train_accuracy": [
    0.6852306034482759,
    0.5324331896551724,
    0.6766443965517241,
    0.6239353448275862,
    0.6517952586206897,
    0.6655625,
    0.6428534482758621,
    0.5838103448275862,
    0.7019008620689655,
    0.7213405172413793,
    0.6629741379310344,
    0.67625,
    0.6445150862068966,
    0.649,
    0.6776637931034483,
    0.6715926724137931,
    0.6733987068965517,
    0.5860280172413793,
    0.6112176724137931,
    0.7012564655172414
  ],
  "test_accuracy": [
    0.6854827586206896,
    0.5313620689655172,
    0.6766810344827586,
    0.62375,
    0.6496206896551724,
    0.6622844827586207,
    0.64225,
    0.5823362068965517,
    0.7027586206896552,
    0.7198017241379311,
    0.6611637931034483,
    0.6763793103448276,
    0.6432672413793104,
    0.6477586206896552,
    0.6776896551724138,
    0.6700344827586207,
    0.6733275862068966,
    0.5830603448275862,
    0.6089568965517241,
    0.7004827586206896
  ]
}