{
  "thresholds": 0.01,
  "features": [
    20,
    30,
    40,
    54
  ],
  "times": [
    1.5473268032073975,
    1.6981847286224365,
    2.054399251937866,
    2.2895383834838867
  ],
  "primal_loss": [
    521.0323239627018,
    468.1810305392295,
    440.97764246453187,
    413.4257245265485
  ],
  "dual_loss": [
    -521.0284510571898,
    -468.17967005845037,
    -440.97478512025333,
    -413.4200467018641
  ],
  "train_accuracy": [
    0.6123076923076923,
    0.7366153846153846,
    0.7078461538461538,
    0.6895384615384615
  ],
  "test_accuracy": [
    0.6092307692307692,
    0.7618461538461538,
    0.6855384615384615,
    0.6861538461538461
  ],
  "dimension": 6500
}