{
  "dimension": 6500,
  "times": [
    0.10000085830688477,
    0.20000195503234863,
    0.3000032901763916,
    0.40000200271606445,
    0.5000033378601074,
    0.600001335144043,
    0.7000014781951904,
    0.8000011444091797,
    0.9000029563903809,
    1.0000011920928955
  ],
  "primal_loss": [
    4561.439552712704,
    4166.64426011366,
    4245.438177322182,
    3991.175593713762,
    4015.9463646642885,
    3930.0872169280515,
    3923.025452285279,
    3929.02106504313,
    3940.015350777091,
    3917.037749772417
  ],
  "dual_loss": [
    -2110.6137652832513,
    -3383.8746576934163,
    -3725.6966825891086,
    -3819.2588230425163,
    -3866.5907705649493,
    -3886.6760133629687,
    -3894.3080211165498,
    -3900.121231206811,
    -3903.9855788094164,
    -3907.054107783545
  ],
  "train_accuracy": [
    0.703076923076923,
    0.7421538461538462,
    0.7363076923076923,
    0.7489230769230769,
    0.74,
    0.7549230769230769,
    0.7558461538461538,
    0.7590769230769231,
    0.7575384615384615,
    0.7552307692307693
  ],
  "test_accuracy": [
    0.7046153846153846,
    0.7476923076923077,
    0.7470769230769231,
    0.7526153846153846,
    0.7433846153846154,
    0.7643076923076924,
    0.7649230769230769,
    0.7630769230769231,
    0.7643076923076924,
    0.7655384615384615
  ]
}