{
  "dimension": [
    1000,
    2000,
    3000,
    4000,
    5000,
    6000
  ],
  "thresholds": [
    0.1,
    0.01,
    0.001,
    0.0001
  ],
  "times": [
    0.08372950553894043,
    0.1337294578552246,
    0.36937761306762695,
    1.2970268726348877
  ],
  "primal_loss": [
    0.2239891005352231,
    0.1733237287641201,
    0.17010890135888718,
    0.1690669553527286
  ],
  "dual_loss": [
    -0.16837346537233372,
    -0.168918747632669,
    -0.1689635362065623,
    -0.1689701932017219
  ],
  "train_accuracy": [
    0.5154166666666666,
    0.5154166666666666,
    0.5154166666666666,
    0.5154166666666666
  ],
  "test_accuracy": [
    0.5133333333333333,
    0.5133333333333333,
    0.5133333333333333,
    0.5133333333333333
  ]
}