{
  "dimension": [
    500
  ],
  "thresholds": [
    1.0,
    0.25,
    0.1111111111111111,
    0.0625,
    0.04,
    0.027777777777777776,
    0.02040816326530612,
    0.015625,
    0.012345679012345678,
    0.01
  ],
  "times": [
    0.04993891716003418,
    0.09456300735473633,
    0.17548799514770508,
    0.2384953498840332,
    0.3171215057373047,
    0.4337427616119385,
    0.47747802734375,
    0.5971803665161133,
    0.48421239852905273,
    0.7469136714935303
  ],
  "primal_loss": [
    310.0839630131244,
    304.877226299294,
    304.34726577993894,
    304.2719945171996,
    304.2299430766814,
    304.2063972521885,
    304.18695343587706,
    304.1804608496113,
    304.17014500518104,
    304.168269868763
  ],
  "dual_loss": [
    -300.53544180313565,
    -303.49770246593187,
    -303.98438320941494,
    -304.0467315901397,
    -304.09594866282043,
    -304.1173490249188,
    -304.13751469818743,
    -304.1417686761092,
    -304.143582413309,
    -304.14705925966376
  ],
  "train_accuracy": [
    0.704,
    0.704,
    0.704,
    0.704,
    0.704,
    0.704,
    0.704,
    0.704,
    0.704,
    0.704
  ],
  "test_accuracy": [
    0.632,
    0.632,
    0.632,
    0.632,
    0.632,
    0.632,
    0.632,
    0.632,
    0.632,
    0.632
  ]
}