{
  "dimensions": 300,
  "thresholds": 0.0001,
  "features": [
    100,
    200,
    300,
    400
  ],
  "times": [
    2.3329429626464844,
    1.6373053550720216,
    0.28074054718017577,
    0.16931757926940919
  ],
  "loss": [
    -1464.2771060203663,
    -168.74219075577045,
    -27.44653342995195,
    -13.062412488255381
  ]
}