{
  "dimension": [
    1000,
    2000,
    3000,
    4000,
    5000,
    6000
  ],
  "thresholds": [
    0.1,
    0.01,
    0.001,
    0.0001
  ],
  "times": [
    2.8739824295043945,
    11.30905032157898,
    67.15375447273254,
    57.35366678237915
  ],
  "primal_loss": [
    2381.316203745315,
    2381.1884122152887,
    2381.1787454420746,
    2381.1774444799435
  ],
  "dual_loss": [
    -2381.0846420099256,
    -2381.1683766945443,
    -2381.1772919300192,
    -2381.177300635386
  ],
  "train_accuracy": [
    0.765,
    0.76475,
    0.765,
    0.765
  ],
  "test_accuracy": [
    0.489,
    0.487,
    0.487,
    0.487
  ]
}