{
  "dimension": [
    500,
    1000,
    1500,
    2000,
    2500
  ],
  "thresholds": [
    1.0,
    0.25,
    0.1111111111111111,
    0.0625,
    0.04,
    0.027777777777777776,
    0.02040816326530612,
    0.015625,
    0.012345679012345678,
    0.01
  ],
  "times": [
    0.03479480743408203,
    0.10196828842163086,
    0.1584029197692871,
    0.23454856872558594,
    0.298595666885376,
    0.38086557388305664,
    0.4692714214324951,
    0.5641953945159912,
    0.699549674987793,
    0.8405072689056396
  ],
  "primal_loss": [
    168.59364574693512,
    167.8547431271117,
    167.73914029029189,
    167.7235728954155,
    167.71602560523277,
    167.72029400705102,
    167.71940008031737,
    167.71274756594363,
    167.7118712813492,
    167.7118801982547
  ],
  "dual_loss": [
    -166.01211934235715,
    -167.52394165887586,
    -167.63453967473112,
    -167.67925930294928,
    -167.69494612175214,
    -167.7010547073931,
    -167.70502255117682,
    -167.70650574878817,
    -167.70866227711267,
    -167.70907721607014
  ],
  "train_accuracy": [
    0.6872,
    0.6856,
    0.6852,
    0.6852,
    0.6852,
    0.6852,
    0.6852,
    0.6852,
    0.6852,
    0.6852
  ],
  "test_accuracy": [
    0.6672,
    0.664,
    0.6656,
    0.664,
    0.664,
    0.664,
    0.664,
    0.664,
    0.664,
    0.664
  ]
}