{
  "dimension": [
    500,
    1000,
    1500,
    2000,
    2500,
    3000,
    3500,
    4000,
    4500,
    5000,
    5500,
    6000,
    6500,
    7000,
    7500,
    8000,
    8500,
    9000
  ],
  "thresholds": [
    1.0,
    0.25,
    0.1111111111111111,
    0.0625,
    0.04,
    0.027777777777777776,
    0.02040816326530612,
    0.015625,
    0.012345679012345678,
    0.01
  ],
  "times": [
    0.9528577327728271,
    2.3724334239959717,
    4.1125733852386475,
    6.174780607223511,
    9.108282089233398,
    12.890860795974731,
    13.790427923202515,
    21.237861394882202,
    23.543800592422485,
    31.051902532577515
  ],
  "primal_loss": [
    5355.967989425216,
    5344.406077388663,
    5343.696241898224,
    5343.612399419004,
    5343.525819039055,
    5343.408234391405,
    5343.42501669076,
    5343.420267264758,
    5343.39947007158,
    5343.391436439384
  ],
  "dual_loss": [
    -5309.407164263034,
    -5339.85149141901,
    -5342.48582268604,
    -5343.045713164143,
    -5343.235676196892,
    -5343.306189312164,
    -5343.324362888784,
    -5343.341566613337,
    -5343.356151451849,
    -5343.365466610031
  ],
  "train_accuracy": [
    0.7613333333333333,
    0.7613333333333333,
    0.761,
    0.7607777777777778,
    0.7605555555555555,
    0.761,
    0.7612222222222222,
    0.7613333333333333,
    0.761,
    0.7611111111111111
  ],
  "test_accuracy": [
    0.7555555555555555,
    0.7524444444444445,
    0.7533333333333333,
    0.7528888888888889,
    0.7533333333333333,
    0.7537777777777778,
    0.7533333333333333,
    0.7533333333333333,
    0.7537777777777778,
    0.7542222222222222
  ]
}