{
  "dimension": [
    500,
    1000,
    1500,
    2000,
    2500,
    3000,
    3500,
    4000,
    4500,
    5000,
    5500
  ],
  "thresholds": [
    1.0,
    0.25,
    0.1111111111111111,
    0.0625,
    0.04,
    0.027777777777777776,
    0.02040816326530612,
    0.015625,
    0.012345679012345678,
    0.01
  ],
  "times": [
    0.08002114295959473,
    0.21337366104125977,
    0.404604434967041,
    0.6289997100830078,
    0.768141508102417,
    1.1030561923980713,
    1.1625878810882568,
    1.5228610038757324,
    1.6011080741882324,
    2.0448434352874756
  ],
  "primal_loss": [
    360.2528584107513,
    358.1544138878078,
    358.08059607356336,
    358.07372805370767,
    358.0698547157149,
    358.0648141892132,
    358.06426437224815,
    358.06284982933846,
    358.0621653685329,
    358.06157814926365
  ],
  "dual_loss": [
    -353.93879368438326,
    -357.6372245271855,
    -357.96500621205985,
    -358.0270298440974,
    -358.04323082125063,
    -358.05097651129415,
    -358.05343742592925,
    -358.0562065465406,
    -358.05714571547793,
    -358.05771402471726
  ],
  "train_accuracy": [
    0.6883636363636364,
    0.6829090909090909,
    0.6829090909090909,
    0.6827272727272727,
    0.6829090909090909,
    0.6829090909090909,
    0.6829090909090909,
    0.6827272727272727,
    0.6829090909090909,
    0.6829090909090909
  ],
  "test_accuracy": [
    0.7083636363636364,
    0.7003636363636364,
    0.7003636363636364,
    0.7003636363636364,
    0.7003636363636364,
    0.7003636363636364,
    0.7003636363636364,
    0.7003636363636364,
    0.7003636363636364,
    0.7003636363636364
  ]
}