{
  "dimension": [
    1000,
    2000,
    3000,
    4000,
    5000,
    6000
  ],
  "thresholds": [
    0.1,
    0.01,
    0.001,
    0.0001
  ],
  "times": [
    0.2839071750640869,
    1.0325212478637695,
    4.468091249465942,
    15.622109413146973
  ],
  "primal_loss": [
    162.32425864010318,
    162.3193469082543,
    162.3183232056037,
    162.31825468712339
  ],
  "dual_loss": [
    -162.30159045261593,
    -162.3173599077986,
    -162.31819075956045,
    -162.31823715327474
  ],
  "train_accuracy": [
    0.6933333333333334,
    0.69375,
    0.69375,
    0.69375
  ],
  "test_accuracy": [
    0.6666666666666666,
    0.6666666666666666,
    0.6666666666666666,
    0.6666666666666666
  ]
}