{
  "thresholds": 0.01,
  "features": [
    20,
    30,
    40,
    54
  ],
  "times": [
    0.2575223445892334,
    0.5241777896881104,
    0.9252111911773682,
    1.0855169296264648
  ],
  "primal_loss": [
    362.1050574541353,
    364.14634572506503,
    355.8698312942252,
    282.6713978061893
  ],
  "dual_loss": [
    -362.0788940895112,
    -364.1364712268367,
    -355.8434895327092,
    -282.64059820788043
  ],
  "train_accuracy": [
    0.762,
    0.67,
    0.668,
    0.73
  ],
  "test_accuracy": [
    0.712,
    0.704,
    0.72,
    0.712
  ],
  "dimension": 500
}