{
  "dimension": 46400,
  "times": [
    0.5000004768371582,
    1.0000014305114746,
    1.5000059604644775,
    2.0000007152557373,
    2.500002861022949,
    3.000000476837158,
    3.5000016689300537,
    4.000001430511475,
    4.500000238418579,
    5.0000035762786865,
    5.500002861022949,
    6.000001907348633,
    6.500000953674316,
    7.000000238418579,
    7.500000953674316,
    8.000000476837158,
    8.50000262260437,
    9.000001668930054,
    9.500002145767212,
    10.000000715255737
  ],
  "primal_loss": [],
  "dual_loss": [],
  "train_accuracy": [
    0.7075215517241379,
    0.7345043103448275,
    0.7136206896551724,
    0.76625,
    0.7617456896551724,
    0.7535560344827587,
    0.7659913793103448,
    0.7635129310344828,
    0.7662931034482758,
    0.7666163793103449,
    0.7669827586206897,
    0.7645043103448276,
    0.7652586206896552,
    0.7661637931034483,
    0.7672844827586207,
    0.7672198275862069,
    0.7672844827586207,
    0.7650431034482759,
    0.7655172413793103,
    0.7668318965517241
  ],
  "test_accuracy": [
    0.7057758620689655,
    0.7351724137931035,
    0.7102586206896552,
    0.7638793103448276,
    0.7571551724137932,
    0.7542241379310345,
    0.7623275862068966,
    0.7614655172413793,
    0.7641379310344828,
    0.7637931034482759,
    0.7651724137931034,
    0.760603448275862,
    0.7625,
    0.7653448275862069,
    0.7652586206896552,
    0.7661206896551724,
    0.7648275862068965,
    0.761551724137931,
    0.7633620689655173,
    0.765
  ]
}