{
  "dimension": [
    500
  ],
  "thresholds": [
    1.0,
    0.25,
    0.1111111111111111,
    0.0625,
    0.04,
    0.027777777777777776,
    0.02040816326530612,
    0.015625,
    0.012345679012345678,
    0.01
  ],
  "times": [
    0.007231473922729492,
    0.013484477996826172,
    0.03127002716064453,
    0.03697490692138672,
    0.06176638603210449,
    0.05646705627441406,
    0.08655357360839844,
    0.1287848949432373,
    0.1022036075592041,
    0.12269234657287598
  ],
  "primal_loss": [
    37.645184394301126,
    37.407291107160006,
    37.37660588244595,
    37.353375575835365,
    37.34985272495886,
    37.35029729747598,
    37.34883650161055,
    37.34912898670981,
    37.349097760580214,
    37.34930637786212
  ],
  "dual_loss": [
    -37.05358710626592,
    -37.29074169667931,
    -37.34180385876661,
    -37.339491354479605,
    -37.34526622585516,
    -37.34509779749239,
    -37.346439691027754,
    -37.34746095707255,
    -37.347005762031166,
    -37.347518977826915
  ],
  "train_accuracy": [
    0.686,
    0.696,
    0.704,
    0.702,
    0.708,
    0.708,
    0.702,
    0.708,
    0.704,
    0.706
  ],
  "test_accuracy": [
    0.56,
    0.584,
    0.576,
    0.56,
    0.56,
    0.552,
    0.56,
    0.552,
    0.56,
    0.552
  ]
}