{
  "dimension": [
    500,
    1000,
    1500,
    2000,
    2500,
    3000,
    3500
  ],
  "thresholds": [
    1.0,
    0.25,
    0.1111111111111111,
    0.0625,
    0.04,
    0.027777777777777776,
    0.02040816326530612,
    0.015625,
    0.012345679012345678,
    0.01
  ],
  "times": [
    0.049890995025634766,
    0.13470125198364258,
    0.19918179512023926,
    0.34771084785461426,
    0.5074574947357178,
    0.6228117942810059,
    0.7923789024353027,
    1.0085387229919434,
    1.2941694259643555,
    1.4953875541687012
  ],
  "primal_loss": [
    220.4842638203314,
    217.72641589342288,
    217.68922981676357,
    217.67367240251394,
    217.6518798381539,
    217.64966337907256,
    217.6471388817095,
    217.646353097812,
    217.64603512787983,
    217.6458790322499
  ],
  "dual_loss": [
    -215.0250122744253,
    -217.31961651587235,
    -217.506585321796,
    -217.5945208071393,
    -217.62443455849362,
    -217.63037908126353,
    -217.63724792447903,
    -217.6415381740839,
    -217.6423100182402,
    -217.6432212934354
  ],
  "train_accuracy": [
    0.7057142857142857,
    0.706,
    0.7062857142857143,
    0.7062857142857143,
    0.7062857142857143,
    0.7062857142857143,
    0.7062857142857143,
    0.7062857142857143,
    0.7062857142857143,
    0.7062857142857143
  ],
  "test_accuracy": [
    0.656,
    0.6582857142857143,
    0.6582857142857143,
    0.6582857142857143,
    0.6582857142857143,
    0.6582857142857143,
    0.6582857142857143,
    0.6582857142857143,
    0.6582857142857143,
    0.6582857142857143
  ]
}