{
  "dimension": [
    500,
    1000,
    1500,
    2000,
    2500,
    3000,
    3500,
    4000,
    4500,
    5000,
    5500,
    6000,
    6500,
    7000
  ],
  "thresholds": [
    1.0,
    0.25,
    0.1111111111111111,
    0.0625,
    0.04,
    0.027777777777777776,
    0.02040816326530612,
    0.015625,
    0.012345679012345678,
    0.01
  ],
  "times": [
    0.709057092666626,
    2.086388111114502,
    3.2888102531433105,
    5.0802671909332275,
    6.562729597091675,
    8.099031448364258,
    10.089015007019043,
    11.345647096633911,
    15.940258264541626,
    14.726800680160522
  ],
  "primal_loss": [
    4124.231430810832,
    4113.5436030838455,
    4113.390907523957,
    4113.24340869279,
    4113.153402939981,
    4113.1241740719315,
    4113.117077812684,
    4113.139922743193,
    4113.108017246189,
    4113.105100316625
  ],
  "dual_loss": [
    -4084.713226574215,
    -4111.198419985355,
    -4112.421881086599,
    -4112.832608915755,
    -4112.918802898223,
    -4112.992634931742,
    -4113.026832055643,
    -4113.035005752901,
    -4113.051488486469,
    -4113.05450026383
  ],
  "train_accuracy": [
    0.7544285714285714,
    0.755,
    0.7552857142857143,
    0.755,
    0.7545714285714286,
    0.7548571428571429,
    0.7554285714285714,
    0.7548571428571429,
    0.755,
    0.7548571428571429
  ],
  "test_accuracy": [
    0.772,
    0.7742857142857142,
    0.7754285714285715,
    0.7742857142857142,
    0.7737142857142857,
    0.7731428571428571,
    0.7742857142857142,
    0.7748571428571429,
    0.7742857142857142,
    0.7737142857142857
  ]
}