{
  "dimension": [
    1000,
    2000,
    3000,
    4000,
    5000,
    6000
  ],
  "thresholds": [
    0.1,
    0.01,
    0.001,
    0.0001
  ],
  "times": [
    0.18957066535949707,
    0.5748112201690674,
    2.0677871704101562,
    9.290992498397827
  ],
  "primal_loss": [
    108.9783030591274,
    108.96916540092796,
    108.9683514694427,
    108.96824625216468
  ],
  "dual_loss": [
    -108.95806336220465,
    -108.96739423729124,
    -108.96819816342547,
    -108.96822915760417
  ],
  "train_accuracy": [
    0.696875,
    0.69625,
    0.69625,
    0.69625
  ],
  "test_accuracy": [
    0.535,
    0.535,
    0.535,
    0.535
  ]
}