{
  "dimension": 464000,
  "times": [
    1.0000057220458984,
    2.0000059604644775,
    3.00000262260437,
    4.000000715255737,
    5.0000011920928955,
    6.000000476837158,
    7.000000476837158,
    8.000002145767212,
    9.00000524520874,
    10.000001668930054,
    11.000000476837158,
    12.00000524520874,
    13.000000238418579,
    14.000005722045898,
    15.000003576278687,
    16.000004768371582,
    17.00000286102295,
    18.000000476837158,
    19.000000476837158,
    20.00000238418579
  ],
  "primal_loss": [],
  "dual_loss": [],
  "train_accuracy": [
    0.6773168103448276,
    0.5344418103448276,
    0.6773297413793103,
    0.5987004310344828,
    0.7240301724137931,
    0.6817866379310344,
    0.7329030172413793,
    0.7053577586206896,
    0.6322047413793104,
    0.7314698275862069,
    0.7185797413793104,
    0.7305193965517242,
    0.7426034482758621,
    0.7384116379310345,
    0.7568814655172413,
    0.7342801724137931,
    0.7498599137931035,
    0.7511465517241379,
    0.7330344827586207,
    0.7595581896551724
  ],
  "test_accuracy": [
    0.678301724137931,
    0.5345775862068965,
    0.6788189655172414,
    0.6007586206896551,
    0.7255862068965517,
    0.6840775862068965,
    0.7335344827586207,
    0.7069224137931035,
    0.6341637931034483,
    0.7330948275862069,
    0.7187155172413793,
    0.7353879310344827,
    0.7457931034482759,
    0.7407155172413793,
    0.7569741379310345,
    0.7358275862068966,
    0.7501120689655172,
    0.7542327586206896,
    0.7344137931034482,
    0.7597844827586206
  ]
}