{
  "dimension": [
    1000,
    2000,
    3000,
    4000,
    5000,
    6000
  ],
  "thresholds": [
    0.1,
    0.01,
    0.001,
    0.0001
  ],
  "times": [
    0.06559443473815918,
    0.19803810119628906,
    0.18119144439697266,
    0.3293337821960449
  ],
  "primal_loss": [
    0.25318828614958533,
    0.1695553802873417,
    0.1672392004360038,
    0.16688159580816816
  ],
  "dual_loss": [
    -0.16529260400900367,
    -0.1667218880497413,
    -0.1667322921060544,
    -0.16673245688376853
  ],
  "train_accuracy": [
    0.5220833333333333,
    0.5220833333333333,
    0.5220833333333333,
    0.5220833333333333
  ],
  "test_accuracy": [
    0.5066666666666667,
    0.5066666666666667,
    0.5066666666666667,
    0.5066666666666667
  ]
}