{
  "thresholds": 0.01,
  "features": [
    19,
    24,
    29,
    34,
    39,
    44,
    49,
    54
  ],
  "times": [
    0.6315493583679199,
    11.053668022155762,
    18.07853412628174,
    1.0143520832061768,
    24.381677865982056,
    15.711639881134033,
    16.716527223587036,
    18.04910135269165
  ],
  "primal_loss": [
    6336.077379361309,
    6482.020821261743,
    5104.868764932694,
    5817.546131928871,
    5002.082534077328,
    4833.30104797686,
    4912.280901197891,
    4736.470702188651
  ],
  "dual_loss": [
    -6335.999954840481,
    -6481.996718786521,
    -5104.844693952995,
    -5817.499952067736,
    -5002.058013796975,
    -4833.258388331053,
    -4912.239176693692,
    -4736.433906763885
  ],
  "train_accuracy": [
    0.612,
    0.607875,
    0.749,
    0.643,
    0.749375,
    0.753375,
    0.742625,
    0.758125
  ],
  "test_accuracy": [
    0.621,
    0.605,
    0.757,
    0.645,
    0.7505,
    0.763,
    0.7315,
    0.7675
  ],
  "dimension": 8000
}