{
  "dimension": 6414,
  "thresholds": [
    0.1,
    0.01,
    0.001,
    0.0001
  ],
  "times": [
    10.708208322525024,
    46.98723244667053,
    206.06906008720398,
    346.7699203491211
  ],
  "primal_loss": [
    2225.29529586956,
    2225.118289237701,
    2225.0926768276154,
    2225.090677119512
  ],
  "dual_loss": [
    -2225.0761768585926,
    -2225.1818658930974,
    -2225.1849726014607,
    -2225.1849053559085
  ],
  "train_accuracy": [
    0.8509510445899595,
    0.8507951356407858,
    0.8507951356407858,
    0.8507951356407858
  ]
}