{
  "dimension": [
    1000,
    2000,
    3000,
    4000,
    5000,
    6000
  ],
  "thresholds": [
    0.1,
    0.01,
    0.001,
    0.0001
  ],
  "times": [
    0.0717470645904541,
    0.2396984100341797,
    0.4774026870727539,
    1.4921398162841797
  ],
  "primal_loss": [
    57.062188312337454,
    57.0555227625717,
    57.054742124838675,
    57.054588390459344
  ],
  "dual_loss": [
    -57.043301556755765,
    -57.05444723405415,
    -57.05456676798408,
    -57.054570738517114
  ],
  "train_accuracy": [
    0.67875,
    0.68,
    0.68,
    0.68
  ],
  "test_accuracy": [
    0.55,
    0.55,
    0.55,
    0.55
  ]
}