{
  "dimension": [
    1000,
    2000,
    3000,
    4000,
    5000,
    6000
  ],
  "thresholds": [
    0.1,
    0.01,
    0.001,
    0.0001
  ],
  "times": [
    0.4239802360534668,
    1.286090612411499,
    5.0921361446380615,
    16.818487882614136
  ],
  "primal_loss": [
    209.876657193869,
    209.8699670838456,
    209.86914382356383,
    209.8690661946467
  ],
  "dual_loss": [
    -209.8522537006261,
    -209.86832277203553,
    -209.86902806926807,
    -209.86904794750663
  ],
  "train_accuracy": [
    0.6846875,
    0.6846875,
    0.6846875,
    0.6846875
  ],
  "test_accuracy": [
    0.69625,
    0.69625,
    0.69625,
    0.69625
  ]
}