{
  "dimension": [
    500,
    1000,
    1500,
    2000,
    2500,
    3000,
    3500,
    4000,
    4500,
    5000,
    5500,
    6000
  ],
  "thresholds": [
    1.0,
    0.25,
    0.1111111111111111,
    0.0625,
    0.04,
    0.027777777777777776,
    0.02040816326530612,
    0.015625,
    0.012345679012345678,
    0.01
  ],
  "times": [
    0.5874199867248535,
    1.4738807678222656,
    2.618251323699951,
    3.6148171424865723,
    4.909325838088989,
    6.87379264831543,
    9.983856916427612,
    12.39733600616455,
    10.793141603469849,
    14.268649101257324
  ],
  "primal_loss": [
    3530.3319900519027,
    3514.7707067946953,
    3514.407412810747,
    3514.1438210186525,
    3514.0401168231256,
    3513.9515128705248,
    3513.9465343145775,
    3513.9286682135594,
    3513.9371862801045,
    3513.9280982192395
  ],
  "dual_loss": [
    -3485.37275565991,
    -3511.149364627276,
    -3513.298754020973,
    -3513.580177721014,
    -3513.759176748634,
    -3513.813899881834,
    -3513.8399901586718,
    -3513.867256388792,
    -3513.866151608411,
    -3513.8782901727827
  ],
  "train_accuracy": [
    0.7638333333333334,
    0.7625,
    0.7623333333333333,
    0.7618333333333334,
    0.7621666666666667,
    0.7618333333333334,
    0.762,
    0.7621666666666667,
    0.7616666666666667,
    0.7618333333333334
  ],
  "test_accuracy": [
    0.7526666666666667,
    0.7546666666666667,
    0.7533333333333333,
    0.7533333333333333,
    0.7526666666666667,
    0.7526666666666667,
    0.7526666666666667,
    0.7526666666666667,
    0.7526666666666667,
    0.7526666666666667
  ]
}