{
  "dimension": [
    500,
    1000,
    1500,
    2000,
    2500,
    3000,
    3500,
    4000,
    4500,
    5000,
    5500,
    6000,
    6500
  ],
  "thresholds": [
    1.0,
    0.25,
    0.1111111111111111,
    0.0625,
    0.04,
    0.027777777777777776,
    0.02040816326530612,
    0.015625,
    0.012345679012345678,
    0.01
  ],
  "times": [
    0.7179882526397705,
    1.667370319366455,
    3.069291353225708,
    4.392236709594727,
    5.562728643417358,
    7.904789209365845,
    9.576412200927734,
    13.491569519042969,
    11.197147130966187,
    15.400615930557251
  ],
  "primal_loss": [
    3792.8084036975333,
    3783.945633642016,
    3782.4275837007326,
    3782.3598893809635,
    3782.3566841187962,
    3782.280341126886,
    3782.2650637070574,
    3782.243924570964,
    3782.2722561424825,
    3782.2454405342
  ],
  "dual_loss": [
    -3760.4318999200577,
    -3779.7643211653353,
    -3781.5812160238906,
    -3781.953904601929,
    -3782.1058770114632,
    -3782.147568330494,
    -3782.1884410137595,
    -3782.205957053503,
    -3782.2041078776288,
    -3782.2043555935957
  ],
  "train_accuracy": [
    0.7652307692307693,
    0.7678461538461538,
    0.7675384615384615,
    0.7670769230769231,
    0.7681538461538462,
    0.7676923076923077,
    0.7678461538461538,
    0.7672307692307693,
    0.7675384615384615,
    0.7673846153846153
  ],
  "test_accuracy": [
    0.7581538461538462,
    0.7563076923076923,
    0.7569230769230769,
    0.7563076923076923,
    0.7556923076923077,
    0.7550769230769231,
    0.7569230769230769,
    0.7556923076923077,
    0.7556923076923077,
    0.7556923076923077
  ]
}