{
  "thresholds": 0.01,
  "features": [
    20,
    30,
    40,
    54
  ],
  "times": [
    1.556415319442749,
    2.530064105987549,
    2.6320035457611084,
    4.497759103775024
  ],
  "primal_loss": [
    788.4288381802353,
    673.4710535297297,
    673.470761105689,
    620.958704563755
  ],
  "dual_loss": [
    -788.4259732743435,
    -673.4680980741359,
    -673.4665044368181,
    -620.9552770341878
  ],
  "train_accuracy": [
    0.7008,
    0.7561,
    0.7485,
    0.7032
  ],
  "test_accuracy": [
    0.7004,
    0.7476,
    0.7524,
    0.6872
  ],
  "dimension": 10000
}