{
  "dimension": [
    1000,
    2000,
    3000,
    4000,
    5000,
    6000
  ],
  "thresholds": [
    0.1,
    0.01,
    0.001,
    0.0001
  ],
  "times": [
    0.04951119422912598,
    0.16478681564331055,
    0.8805789947509766,
    0.5974133014678955
  ],
  "primal_loss": [
    0.2829252133366226,
    0.19021028361604764,
    0.17050941814645723,
    0.16875391952723306
  ],
  "dual_loss": [
    -0.1671767466343531,
    -0.16830521393502285,
    -0.1685462956493459,
    -0.16854666397593024
  ],
  "train_accuracy": [
    0.5154166666666666,
    0.5154166666666666,
    0.5154166666666666,
    0.5154166666666666
  ],
  "test_accuracy": [
    0.5266666666666666,
    0.5266666666666666,
    0.5266666666666666,
    0.5266666666666666
  ]
}