{
  "dimension": 3185,
  "thresholds": [
    0.1,
    0.01,
    0.001,
    0.0001
  ],
  "times": [
    3.9337122440338135,
    15.567004442214966,
    65.38673830032349,
    108.62402629852295
  ],
  "primal_loss": [
    1105.478710112673,
    1105.29501705431,
    1105.2807894677433,
    1105.2783707648796
  ],
  "dual_loss": [
    -1105.2979194606423,
    -1105.3863988020191,
    -1105.391175505681,
    -1105.3911850179218
  ],
  "train_accuracy": [
    0.8505494505494505,
    0.849607535321821,
    0.8502354788069074,
    0.8502354788069074
  ]
}