{
  "dimension": [
    500,
    1000,
    1500,
    2000
  ],
  "thresholds": [
    1.0,
    0.25,
    0.1111111111111111,
    0.0625,
    0.04,
    0.027777777777777776,
    0.02040816326530612,
    0.015625,
    0.012345679012345678,
    0.01
  ],
  "times": [
    0.029824018478393555,
    0.06646585464477539,
    0.1251389980316162,
    0.1788647174835205,
    0.23626112937927246,
    0.3654499053955078,
    0.40555477142333984,
    0.40642833709716797,
    0.5797436237335205,
    0.7441973686218262
  ],
  "primal_loss": [
    134.16148327605484,
    131.41431489873838,
    131.35864072988454,
    131.34553863611018,
    131.34128877263083,
    131.3395229725171,
    131.33705250769287,
    131.33608572600156,
    131.3368947899474,
    131.33533670398944
  ],
  "dual_loss": [
    -129.88864948400618,
    -131.08248851701904,
    -131.27732943901879,
    -131.3019190686978,
    -131.31952972563778,
    -131.3274237769518,
    -131.32999271988643,
    -131.32872554990163,
    -131.33167456929868,
    -131.33381712652474
  ],
  "train_accuracy": [
    0.698,
    0.6995,
    0.7,
    0.7005,
    0.7005,
    0.7,
    0.6995,
    0.6995,
    0.7,
    0.7
  ],
  "test_accuracy": [
    0.696,
    0.688,
    0.69,
    0.688,
    0.688,
    0.688,
    0.688,
    0.688,
    0.688,
    0.688
  ]
}