{
  "dimension": [
    1000,
    2000,
    3000,
    4000,
    5000,
    6000
  ],
  "thresholds": [
    0.1,
    0.01,
    0.001,
    0.0001
  ],
  "times": [
    0.07674336433410645,
    0.2979459762573242,
    0.4360165596008301,
    2.7889890670776367
  ],
  "primal_loss": [
    56.079921181279126,
    56.073382818611705,
    56.07227255874861,
    56.07216246115498
  ],
  "dual_loss": [
    -56.06164024947948,
    -56.071850667154855,
    -56.07211978802928,
    -56.07214551853069
  ],
  "train_accuracy": [
    0.7125,
    0.7125,
    0.7125,
    0.7125
  ],
  "test_accuracy": [
    0.705,
    0.705,
    0.705,
    0.705
  ]
}