{
  "dimension": [
    500,
    1000,
    1500
  ],
  "thresholds": [
    1.0,
    0.25,
    0.1111111111111111,
    0.0625,
    0.04,
    0.027777777777777776,
    0.02040816326530612,
    0.015625,
    0.012345679012345678,
    0.01
  ],
  "times": [
    0.0225222110748291,
    0.045194387435913086,
    0.08578991889953613,
    0.11108994483947754,
    0.1961073875427246,
    0.21783828735351562,
    0.28037261962890625,
    0.25893354415893555,
    0.35996150970458984,
    0.3368504047393799
  ],
  "primal_loss": [
    107.48265094035213,
    105.89407577742108,
    105.87370008150971,
    105.84963962520433,
    105.85228475975049,
    105.84554736716228,
    105.84771485235316,
    105.8439435240864,
    105.84386523964477,
    105.84366240929829
  ],
  "dual_loss": [
    -104.82293177115989,
    -105.62011677310335,
    -105.78281863610296,
    -105.81951884743208,
    -105.83403498353618,
    -105.83771719477741,
    -105.83864317541696,
    -105.83854154542284,
    -105.8396823411284,
    -105.84051092691419
  ],
  "train_accuracy": [
    0.6773333333333333,
    0.6793333333333333,
    0.6786666666666666,
    0.6786666666666666,
    0.6786666666666666,
    0.6786666666666666,
    0.6793333333333333,
    0.6786666666666666,
    0.6786666666666666,
    0.6786666666666666
  ],
  "test_accuracy": [
    0.656,
    0.6613333333333333,
    0.6613333333333333,
    0.6613333333333333,
    0.6613333333333333,
    0.6613333333333333,
    0.6613333333333333,
    0.6613333333333333,
    0.6613333333333333,
    0.6613333333333333
  ]
}