{
  "thresholds": 0.01,
  "features": [
    20,
    30,
    40,
    54
  ],
  "times": [
    0.8673763275146484,
    19.942975997924805,
    1.1416685581207275,
    26.812674283981323
  ],
  "primal_loss": [
    8044.51355079455,
    6582.656328377845,
    6319.528767036945,
    5701.070459563524
  ],
  "dual_loss": [
    -8044.499975914485,
    -6582.632427108246,
    -6318.499563968923,
    -5701.028201134432
  ],
  "train_accuracy": [
    0.6002,
    0.7333,
    0.6863,
    0.7702
  ],
  "test_accuracy": [
    0.5976,
    0.7524,
    0.6796,
    0.7452
  ],
  "dimension": 10000
}