{
  "dimension": [
    1000,
    2000,
    3000,
    4000,
    5000,
    6000
  ],
  "thresholds": [
    0.1,
    0.01,
    0.001,
    0.0001
  ],
  "times": [
    2.427624464035034,
    10.159652709960938,
    24.20302414894104,
    93.23419690132141
  ],
  "primal_loss": [
    1934.0449049692027,
    1933.9682224612443,
    1933.953047218278,
    1933.9515380604037
  ],
  "dual_loss": [
    -1933.8154985725203,
    -1933.9467642428328,
    -1933.9511380919687,
    -1933.951333060812
  ],
  "train_accuracy": [
    0.736875,
    0.7353125,
    0.735625,
    0.735625
  ],
  "test_accuracy": [
    0.50375,
    0.50375,
    0.50375,
    0.50375
  ]
}