{
  "dimension": [
    500,
    1000,
    1500,
    2000,
    2500,
    3000
  ],
  "thresholds": [
    1.0,
    0.25,
    0.1111111111111111,
    0.0625,
    0.04,
    0.027777777777777776,
    0.02040816326530612,
    0.015625,
    0.012345679012345678,
    0.01
  ],
  "times": [
    0.2782096862792969,
    0.6321144104003906,
    1.12391996383667,
    1.661864995956421,
    2.325707197189331,
    2.3716611862182617,
    4.158318758010864,
    4.13122034072876,
    4.218944549560547,
    5.127683639526367
  ],
  "primal_loss": [
    1828.6773252731566,
    1823.4727719788548,
    1823.4344686633929,
    1823.0422751952844,
    1823.0634080952582,
    1822.9955293474304,
    1822.9388241847776,
    1822.965492097392,
    1822.9405930975972,
    1822.9341312794977
  ],
  "dual_loss": [
    -1809.0126858567528,
    -1821.173833979326,
    -1822.4846693457673,
    -1822.8097648219305,
    -1822.8383111587202,
    -1822.859475147518,
    -1822.8931253219905,
    -1822.905847186445,
    -1822.9050454572114,
    -1822.9027846924573
  ],
  "train_accuracy": [
    0.7503333333333333,
    0.756,
    0.754,
    0.757,
    0.757,
    0.757,
    0.7576666666666667,
    0.757,
    0.7573333333333333,
    0.757
  ],
  "test_accuracy": [
    0.724,
    0.724,
    0.7226666666666667,
    0.7253333333333334,
    0.724,
    0.724,
    0.724,
    0.724,
    0.724,
    0.724
  ]
}