{
  "dimension": 1605,
  "thresholds": [
    0.1,
    0.01,
    0.001,
    0.0001
  ],
  "times": [
    1.4186170101165771,
    4.432010173797607,
    10.686980962753296,
    31.073716163635254
  ],
  "primal_loss": [
    541.0523609823138,
    540.9007732992841,
    540.8761537254422,
    540.8734061998242
  ],
  "dual_loss": [
    -540.8757342726698,
    -540.94178342861,
    -540.9428322273071,
    -540.9429627982598
  ],
  "train_accuracy": [
    0.8623052959501558,
    0.8616822429906542,
    0.8623052959501558,
    0.8623052959501558
  ]
}