{
  "dimension": [
    500,
    1000,
    1500,
    2000,
    2500,
    3000,
    3500,
    4000,
    4500,
    5000,
    5500,
    6000,
    6500,
    7000,
    7500
  ],
  "thresholds": [
    1.0,
    0.25,
    0.1111111111111111,
    0.0625,
    0.04,
    0.027777777777777776,
    0.02040816326530612,
    0.015625,
    0.012345679012345678,
    0.01
  ],
  "times": [
    0.14203739166259766,
    0.29457974433898926,
    0.5929594039916992,
    0.7923221588134766,
    1.195115327835083,
    1.5264742374420166,
    1.7655062675476074,
    2.4390368461608887,
    2.4125237464904785,
    2.988870143890381
  ],
  "primal_loss": [
    481.01160927889526,
    479.4486436838253,
    479.36198044901096,
    479.3235291684733,
    479.31727264985,
    479.31059211369,
    479.30865635311545,
    479.3091544777067,
    479.30671585638095,
    479.3076561824608
  ],
  "dual_loss": [
    -476.26411284698696,
    -478.7561400189532,
    -479.1933668710732,
    -479.2451210124889,
    -479.2828447168844,
    -479.291822264487,
    -479.29607354966754,
    -479.30032495134566,
    -479.30061484343327,
    -479.3019095249598
  ],
  "train_accuracy": [
    0.6852,
    0.6849333333333333,
    0.6850666666666667,
    0.6850666666666667,
    0.6850666666666667,
    0.6850666666666667,
    0.6850666666666667,
    0.6850666666666667,
    0.6850666666666667,
    0.6850666666666667
  ],
  "test_accuracy": [
    0.6906666666666667,
    0.6906666666666667,
    0.6901333333333334,
    0.6901333333333334,
    0.6901333333333334,
    0.6901333333333334,
    0.6901333333333334,
    0.6901333333333334,
    0.6901333333333334,
    0.6901333333333334
  ]
}