{
  "dimension": [
    1000,
    2000,
    3000,
    4000,
    5000,
    6000
  ],
  "thresholds": [
    0.1,
    0.01,
    0.001,
    0.0001
  ],
  "times": [
    1.407806158065796,
    6.217748641967773,
    29.29319477081299,
    56.36276602745056
  ],
  "primal_loss": [
    1425.0578349674777,
    1424.9698885457583,
    1424.9535725941698,
    1424.9521517875805
  ],
  "dual_loss": [
    -1424.8377534484644,
    -1424.9460274654691,
    -1424.951823065508,
    -1424.9519785447615
  ],
  "train_accuracy": [
    0.7566666666666667,
    0.7575,
    0.7579166666666667,
    0.7579166666666667
  ],
  "test_accuracy": [
    0.495,
    0.495,
    0.495,
    0.495
  ]
}