{
  "dimension": [
    500,
    1000,
    1500,
    2000,
    2500,
    3000,
    3500,
    4000,
    4500,
    5000
  ],
  "thresholds": [
    1.0,
    0.25,
    0.1111111111111111,
    0.0625,
    0.04,
    0.027777777777777776,
    0.02040816326530612,
    0.015625,
    0.012345679012345678,
    0.01
  ],
  "times": [
    0.07297372817993164,
    0.21239137649536133,
    0.35178351402282715,
    0.5598897933959961,
    0.7885780334472656,
    0.9486303329467773,
    1.0442523956298828,
    1.2677278518676758,
    1.4835915565490723,
    1.7407808303833008
  ],
  "primal_loss": [
    319.06234071233513,
    316.93451119986423,
    316.9213807768719,
    316.8523775555128,
    316.8333360713446,
    316.83417326516974,
    316.8346058708661,
    316.8334246900186,
    316.83017812303933,
    316.83005956298774
  ],
  "dual_loss": [
    -312.91881344656525,
    -316.4832440357402,
    -316.71641174216603,
    -316.7924011645387,
    -316.8129969546175,
    -316.81833384489335,
    -316.8225123812868,
    -316.82461495609124,
    -316.8246202157607,
    -316.82554388884125
  ],
  "train_accuracy": [
    0.6934,
    0.6922,
    0.6922,
    0.6922,
    0.6922,
    0.6922,
    0.6922,
    0.6922,
    0.6922,
    0.6922
  ],
  "test_accuracy": [
    0.6792,
    0.6744,
    0.6752,
    0.676,
    0.6752,
    0.6752,
    0.6752,
    0.6752,
    0.6752,
    0.6752
  ]
}