{
  "dimension": [
    1000,
    2000,
    3000,
    4000,
    5000,
    6000
  ],
  "thresholds": [
    0.1,
    0.01,
    0.001,
    0.0001
  ],
  "times": [
    0.47194671630859375,
    1.5277791023254395,
    5.9550087451934814,
    28.176694631576538
  ],
  "primal_loss": [
    443.10807274586045,
    443.053417355536,
    443.04368426441357,
    443.04279677749213
  ],
  "dual_loss": [
    -442.93084715548764,
    -443.03847391697184,
    -443.0424617387278,
    -443.04255122066456
  ],
  "train_accuracy": [
    0.73,
    0.73,
    0.73,
    0.73
  ],
  "test_accuracy": [
    0.475,
    0.475,
    0.475,
    0.475
  ]
}