{
  "dimensions": [
    200,
    300,
    400,
    500
  ],
  "thresholds": 0.001,
  "times": [
    1.4834135055541993,
    1.3128537654876709,
    4.50647349357605,
    16.473134660720824
  ],
  "loss": [
    -1235.6650805634183,
    -1870.0771773366855,
    -3126.6085233117014,
    -4219.826930330837
  ]
}