{
  "dimension": [
    1000,
    2000,
    3000,
    4000,
    5000,
    6000
  ],
  "thresholds": [
    0.1,
    0.01,
    0.001,
    0.0001
  ],
  "times": [
    0.7911717891693115,
    3.729855537414551,
    7.326855897903442,
    64.15604543685913
  ],
  "primal_loss": [
    968.363688305153,
    968.2738989893189,
    968.2598252827413,
    968.2582288658102
  ],
  "dual_loss": [
    -968.1790701591051,
    -968.2571828884387,
    -968.25780188004,
    -968.2580493764776
  ],
  "train_accuracy": [
    0.76125,
    0.760625,
    0.759375,
    0.759375
  ],
  "test_accuracy": [
    0.7325,
    0.725,
    0.725,
    0.725
  ]
}