{
  "dimension": [
    1000,
    2000,
    3000,
    4000,
    5000,
    6000
  ],
  "thresholds": [
    0.1,
    0.01,
    0.001,
    0.0001
  ],
  "times": [
    2.5838189125061035,
    8.88919997215271,
    70.36662197113037,
    221.0355372428894
  ],
  "primal_loss": [
    2359.2903823195893,
    2359.1910911655677,
    2359.1768184459866,
    2359.175079087511
  ],
  "dual_loss": [
    -2359.0484434529235,
    -2359.168385794863,
    -2359.174553914827,
    -2359.1748643692545
  ],
  "train_accuracy": [
    0.7645,
    0.76425,
    0.764,
    0.764
  ],
  "test_accuracy": [
    0.748,
    0.748,
    0.748,
    0.748
  ]
}