{
  "dimension": [
    500,
    1000,
    1500,
    2000,
    2500,
    3000,
    3500,
    4000
  ],
  "thresholds": [
    1.0,
    0.25,
    0.1111111111111111,
    0.0625,
    0.04,
    0.027777777777777776,
    0.02040816326530612,
    0.015625,
    0.012345679012345678,
    0.01
  ],
  "times": [
    0.4102802276611328,
    0.8771483898162842,
    1.6153109073638916,
    2.5797581672668457,
    3.0364348888397217,
    4.734405755996704,
    4.814551830291748,
    6.826824426651001,
    6.027912616729736,
    7.835909366607666
  ],
  "primal_loss": [
    2349.4180491000743,
    2344.382323025439,
    2343.600734433206,
    2343.3986175790187,
    2343.3913275989175,
    2343.3777374904203,
    2343.3704281652263,
    2343.353809240609,
    2343.3412762743037,
    2343.346293930888
  ],
  "dual_loss": [
    -2329.2293401856746,
    -2341.2607849607375,
    -2342.7411903822617,
    -2343.1408616545586,
    -2343.1945314277546,
    -2343.264302143416,
    -2343.2743000989317,
    -2343.299285570872,
    -2343.2975892838467,
    -2343.3042314201525
  ],
  "train_accuracy": [
    0.7655,
    0.773,
    0.77525,
    0.775,
    0.7745,
    0.77425,
    0.7745,
    0.77475,
    0.774,
    0.77425
  ],
  "test_accuracy": [
    0.734,
    0.737,
    0.738,
    0.737,
    0.737,
    0.738,
    0.739,
    0.736,
    0.738,
    0.736
  ]
}