{
  "dimension": 20000,
  "times": [
    1.0000028610229492,
    2.000001907348633,
    3.0000011920928955,
    4.000000476837158,
    5.000002861022949,
    6.000003337860107,
    7.000000476837158,
    8.000012874603271,
    9.000001907348633,
    10.000001907348633
  ],
  "primal_loss": [],
  "dual_loss": [],
  "train_accuracy": [
    0.7547,
    0.76235,
    0.76115,
    0.76375,
    0.76105,
    0.76275,
    0.7617,
    0.7616,
    0.7618,
    0.7613
  ],
  "test_accuracy": [
    0.7618,
    0.771,
    0.7684,
    0.77,
    0.7712,
    0.7718,
    0.7712,
    0.7714,
    0.7708,
    0.7698
  ]
}