{
  "dimension": [
    500,
    1000
  ],
  "thresholds": [
    1.0,
    0.25,
    0.1111111111111111,
    0.0625,
    0.04,
    0.027777777777777776,
    0.02040816326530612,
    0.015625,
    0.012345679012345678,
    0.01
  ],
  "times": [
    0.08040666580200195,
    0.17189955711364746,
    0.3208949565887451,
    0.5232648849487305,
    0.6396160125732422,
    0.9381935596466064,
    1.3216273784637451,
    1.461719274520874,
    1.3565378189086914,
    1.4582386016845703
  ],
  "primal_loss": [
    602.9261125029965,
    595.8043217789806,
    595.507445422975,
    595.5459931540056,
    595.4886842503723,
    595.3893936283096,
    595.3606243496018,
    595.3513071516937,
    595.3494544169984,
    595.3518696617916
  ],
  "dual_loss": [
    -588.1860474693635,
    -594.2978177669476,
    -595.0899020599211,
    -595.262638917788,
    -595.2950595336699,
    -595.3034782965667,
    -595.3205992610259,
    -595.3203066225118,
    -595.3233387123938,
    -595.3240395773355
  ],
  "train_accuracy": [
    0.736,
    0.726,
    0.727,
    0.724,
    0.727,
    0.725,
    0.725,
    0.726,
    0.725,
    0.725
  ],
  "test_accuracy": [
    0.688,
    0.676,
    0.672,
    0.672,
    0.672,
    0.672,
    0.672,
    0.672,
    0.672,
    0.672
  ]
}