{
  "dimension": [
    500,
    1000,
    1500,
    2000,
    2500,
    3000,
    3500,
    4000,
    4500,
    5000,
    5500,
    6000
  ],
  "thresholds": [
    1.0,
    0.25,
    0.1111111111111111,
    0.0625,
    0.04,
    0.027777777777777776,
    0.02040816326530612,
    0.015625,
    0.012345679012345678,
    0.01
  ],
  "times": [
    0.11228752136230469,
    0.27875423431396484,
    0.4397120475769043,
    0.6920461654663086,
    0.8568294048309326,
    0.969456672668457,
    1.2463140487670898,
    1.7124640941619873,
    1.8223788738250732,
    2.094902276992798
  ],
  "primal_loss": [
    378.24228030336485,
    377.70477046629253,
    377.42003798159016,
    377.3881788424096,
    377.3940167360042,
    377.38756445396166,
    377.3858784694789,
    377.3836393543416,
    377.38356659086406,
    377.38324284345117
  ],
  "dual_loss": [
    -374.9651228381317,
    -377.07480530145665,
    -377.2880182334248,
    -377.3407165699962,
    -377.35924698451237,
    -377.37076190133223,
    -377.3740882751887,
    -377.37792592011255,
    -377.37822156336296,
    -377.37907542193625
  ],
  "train_accuracy": [
    0.6946666666666667,
    0.6935,
    0.6935,
    0.6933333333333334,
    0.6935,
    0.6933333333333334,
    0.6935,
    0.6933333333333334,
    0.6935,
    0.6933333333333334
  ],
  "test_accuracy": [
    0.6666666666666666,
    0.6666666666666666,
    0.6666666666666666,
    0.6666666666666666,
    0.6666666666666666,
    0.6666666666666666,
    0.6666666666666666,
    0.6666666666666666,
    0.6666666666666666,
    0.6666666666666666
  ]
}