{
  "dimension": [
    500,
    1000,
    1500,
    2000,
    2500,
    3000,
    3500,
    4000,
    4500,
    5000,
    5500,
    6000,
    6500,
    7000,
    7500,
    8000,
    8500,
    9000,
    9500
  ],
  "thresholds": [
    1.0,
    0.25,
    0.1111111111111111,
    0.0625,
    0.04,
    0.027777777777777776,
    0.02040816326530612,
    0.015625,
    0.012345679012345678,
    0.01
  ],
  "times": [
    0.1790909767150879,
    0.4113130569458008,
    0.7005610466003418,
    0.990776777267456,
    1.5166223049163818,
    1.7638602256774902,
    2.372142791748047,
    2.801140546798706,
    3.4917690753936768,
    3.9718222618103027
  ],
  "primal_loss": [
    595.5961026452761,
    594.3663587114352,
    594.144142718707,
    594.116447142469,
    594.1116439414384,
    594.112960678423,
    594.1066318533195,
    594.1038689099696,
    594.1056968426221,
    594.1041168481952
  ],
  "dual_loss": [
    -590.5788600920768,
    -593.5911112881695,
    -593.9378904934274,
    -594.0351493603918,
    -594.0778613093545,
    -594.0846656778988,
    -594.0936783253454,
    -594.0959107960433,
    -594.0982123190329,
    -594.0995461038439
  ],
  "train_accuracy": [
    0.694,
    0.6914736842105264,
    0.6909473684210526,
    0.6909473684210526,
    0.6909473684210526,
    0.6909473684210526,
    0.6909473684210526,
    0.6909473684210526,
    0.6909473684210526,
    0.6909473684210526
  ],
  "test_accuracy": [
    0.6892631578947368,
    0.688,
    0.688,
    0.688,
    0.688,
    0.688,
    0.688,
    0.688,
    0.688,
    0.688
  ]
}