{
  "dimension": [
    1000,
    2000,
    3000,
    4000,
    5000,
    6000
  ],
  "thresholds": [
    0.1,
    0.01,
    0.001,
    0.0001
  ],
  "times": [
    0.23175978660583496,
    0.7092845439910889,
    3.4430084228515625,
    6.496572256088257
  ],
  "primal_loss": [
    102.00408221038248,
    101.99130964137385,
    101.99064701475561,
    101.99056387091545
  ],
  "dual_loss": [
    -101.97529003056755,
    -101.98976821597445,
    -101.99050987469758,
    -101.99054576981287
  ],
  "train_accuracy": [
    0.715625,
    0.715625,
    0.715625,
    0.715625
  ],
  "test_accuracy": [
    0.665,
    0.66,
    0.66,
    0.66
  ]
}