{
  "dimensions": [
    100,
    200,
    300,
    400,
    500
  ],
  "thresholds": 0.0001,
  "times": [
    0.0925323486328125,
    0.43999218940734863,
    0.529395866394043,
    5.212384271621704,
    3.6820674896240235
  ],
  "loss": [
    23.05261522245555,
    33.72707239094537,
    76.79447133068581,
    74.17475453349128,
    159.0585484735387
  ]
}