{
  "dimension": [
    500,
    1000,
    1500,
    2000,
    2500,
    3000,
    3500,
    4000,
    4500,
    5000,
    5500,
    6000,
    6500,
    7000,
    7500,
    8000,
    8500,
    9000,
    9500
  ],
  "thresholds": [
    1.0,
    0.25,
    0.1111111111111111,
    0.0625,
    0.04,
    0.027777777777777776,
    0.02040816326530612,
    0.015625,
    0.012345679012345678,
    0.01
  ],
  "times": [
    1.008413553237915,
    2.462601900100708,
    4.326866865158081,
    7.418600559234619,
    9.546704769134521,
    10.846332788467407,
    14.948028564453125,
    18.54531192779541,
    23.507908582687378,
    28.14743971824646
  ],
  "primal_loss": [
    5652.543219039007,
    5636.744837781583,
    5636.221553953556,
    5635.801298286233,
    5635.738266071674,
    5635.705526416649,
    5635.674876431655,
    5635.679336453318,
    5635.682385899765,
    5635.65542634797
  ],
  "dual_loss": [
    -5600.812698496246,
    -5632.223367676119,
    -5634.889726576839,
    -5635.349746747749,
    -5635.494303032767,
    -5635.531372151017,
    -5635.580333264568,
    -5635.602524872779,
    -5635.617241770721,
    -5635.623429632237
  ],
  "train_accuracy": [
    0.756421052631579,
    0.758421052631579,
    0.758,
    0.7582105263157894,
    0.7583157894736842,
    0.7577894736842106,
    0.7578947368421053,
    0.7578947368421053,
    0.7578947368421053,
    0.758
  ],
  "test_accuracy": [
    0.7646315789473684,
    0.7663157894736842,
    0.7654736842105263,
    0.7658947368421053,
    0.7667368421052632,
    0.7663157894736842,
    0.7658947368421053,
    0.7658947368421053,
    0.7658947368421053,
    0.7663157894736842
  ]
}