{
  "thresholds": 0.01,
  "features": [
    20,
    30,
    40,
    54
  ],
  "times": [
    0.4590036869049072,
    17.070048809051514,
    14.341913938522339,
    12.277939081192017
  ],
  "primal_loss": [
    5252.001522348001,
    4057.0980271300537,
    4061.4010060739097,
    3874.036978775356
  ],
  "dual_loss": [
    -5251.999962920156,
    -4057.070619565824,
    -4061.3537329896035,
    -3873.999582877695
  ],
  "train_accuracy": [
    0.5972307692307692,
    0.7496923076923077,
    0.7443076923076923,
    0.7681538461538462
  ],
  "test_accuracy": [
    0.6104615384615385,
    0.728,
    0.7366153846153846,
    0.7593846153846154
  ],
  "dimension": 6500
}