{
  "dimension": 12000,
  "times": [
    1.0000007152557373,
    2.000002861022949,
    3.0000011920928955,
    4.000000715255737,
    5.000001668930054,
    6.000002861022949,
    7.000004768371582,
    8.000001668930054,
    9.000003576278687,
    10.000001430511475,
    11.000002145767212,
    12.000005960464478,
    13.000003337860107,
    14.000005960464478,
    15.000005960464478,
    16.00000023841858,
    17.00000238418579,
    18.000001430511475,
    19.000002145767212,
    20.0000057220459
  ],
  "primal_loss": [],
  "dual_loss": [],
  "train_accuracy": [
    0.6516666666666666,
    0.6195833333333334,
    0.7135833333333333,
    0.6301666666666667,
    0.69275,
    0.6924166666666667,
    0.7301666666666666,
    0.6164166666666666,
    0.744,
    0.75675,
    0.7664166666666666,
    0.768,
    0.766,
    0.7698333333333334,
    0.7576666666666667,
    0.769,
    0.7713333333333333,
    0.7619166666666667,
    0.7691666666666667,
    0.7715
  ],
  "test_accuracy": [
    0.6446666666666667,
    0.615,
    0.7143333333333334,
    0.6263333333333333,
    0.687,
    0.6943333333333334,
    0.729,
    0.61,
    0.7406666666666667,
    0.756,
    0.7603333333333333,
    0.7616666666666667,
    0.757,
    0.761,
    0.752,
    0.7603333333333333,
    0.763,
    0.7606666666666667,
    0.7586666666666667,
    0.7643333333333333
  ]
}