{
  "dimension": [
    500,
    1000,
    1500,
    2000,
    2500,
    3000,
    3500,
    4000,
    4500,
    5000,
    5500,
    6000,
    6500,
    7000
  ],
  "thresholds": [
    1.0,
    0.25,
    0.1111111111111111,
    0.0625,
    0.04,
    0.027777777777777776,
    0.02040816326530612,
    0.015625,
    0.012345679012345678,
    0.01
  ],
  "times": [
    0.12984776496887207,
    0.3044302463531494,
    0.549246072769165,
    0.7298746109008789,
    0.9336082935333252,
    1.3745858669281006,
    1.6460676193237305,
    1.868528127670288,
    2.6728649139404297,
    2.437060832977295
  ],
  "primal_loss": [
    450.82561460079967,
    448.7611133114056,
    448.67783570625426,
    448.6558198194324,
    448.64324705628087,
    448.6475143202042,
    448.6422433000772,
    448.639484506088,
    448.63907592916047,
    448.6387043272892
  ],
  "dual_loss": [
    -445.7048063221712,
    -448.1918353479628,
    -448.5291860576854,
    -448.59020191458575,
    -448.61235873299404,
    -448.6257014586365,
    -448.6300673081126,
    -448.6313929411629,
    -448.63432128638357,
    -448.634263937517
  ],
  "train_accuracy": [
    0.6898571428571428,
    0.6882857142857143,
    0.6877142857142857,
    0.6877142857142857,
    0.688,
    0.688,
    0.6878571428571428,
    0.688,
    0.6878571428571428,
    0.688
  ],
  "test_accuracy": [
    0.7057142857142857,
    0.704,
    0.704,
    0.704,
    0.7028571428571428,
    0.7028571428571428,
    0.704,
    0.7034285714285714,
    0.7034285714285714,
    0.7028571428571428
  ]
}