{
  "dimensions": 500,
  "thresholds": [
    0.1,
    0.01,
    0.001,
    0.0001,
    1e-05
  ],
  "times": [
    8.490521097183228,
    7.7980084896087645,
    8.68758292198181,
    7.515376091003418,
    8.12675919532776
  ],
  "loss": [
    -4044.726331857232,
    -4044.726324447899,
    -4044.7266246912695,
    -4044.726651160926,
    -4044.726536466049
  ]
}