{
  "dimension": [
    500,
    1000,
    1500,
    2000
  ],
  "thresholds": [
    1.0,
    0.25,
    0.1111111111111111,
    0.0625,
    0.04,
    0.027777777777777776,
    0.02040816326530612,
    0.015625,
    0.012345679012345678,
    0.01
  ],
  "times": [
    0.19701290130615234,
    0.4720313549041748,
    0.6425645351409912,
    1.1344130039215088,
    1.6924238204956055,
    1.6737785339355469,
    2.2820141315460205,
    3.3673977851867676,
    4.5408570766448975,
    3.8725600242614746
  ],
  "primal_loss": [
    1225.9479686436796,
    1222.5300716195277,
    1222.02560217017,
    1221.917817483119,
    1221.88561910067,
    1221.84489150748,
    1221.87462825801,
    1221.8545460712826,
    1221.8283473525432,
    1221.8351246502637
  ],
  "dual_loss": [
    -1214.1386504330392,
    -1220.6496902883596,
    -1221.4124268169376,
    -1221.7284382092234,
    -1221.7657194978465,
    -1221.772847386796,
    -1221.7672870723018,
    -1221.7962729062554,
    -1221.8044922637096,
    -1221.8058840928402
  ],
  "train_accuracy": [
    0.7265,
    0.7205,
    0.7215,
    0.7235,
    0.7225,
    0.723,
    0.722,
    0.7225,
    0.7225,
    0.7225
  ],
  "test_accuracy": [
    0.754,
    0.754,
    0.75,
    0.748,
    0.748,
    0.75,
    0.75,
    0.752,
    0.75,
    0.75
  ]
}