{
  "thresholds": 0.001,
  "features": [
    20,
    30,
    40,
    54
  ],
  "times": [
    2.681264877319336,
    0.20267462730407715,
    3.8696577548980713,
    3.669503927230835
  ],
  "primal_loss": [
    210.72897337391407,
    174.93799828450318,
    168.82807571807766,
    156.26386418498805
  ],
  "dual_loss": [
    -210.72882541537112,
    -174.9374995894252,
    -168.827955543008,
    -156.26369000647085
  ],
  "train_accuracy": [
    0.56375,
    0.6658333333333334,
    0.6920833333333334,
    0.6991666666666667
  ],
  "test_accuracy": [
    0.5766666666666667,
    0.66,
    0.71,
    0.6966666666666667
  ],
  "dimension": 3000
}