{
  "dimension": [
    500,
    1000,
    1500,
    2000,
    2500,
    3000,
    3500,
    4000,
    4500,
    5000,
    5500,
    6000,
    6500
  ],
  "thresholds": [
    1.0,
    0.25,
    0.1111111111111111,
    0.0625,
    0.04,
    0.027777777777777776,
    0.02040816326530612,
    0.015625,
    0.012345679012345678,
    0.01
  ],
  "times": [
    0.0931251049041748,
    0.25577688217163086,
    0.42935824394226074,
    0.7035892009735107,
    0.9623761177062988,
    1.289433240890503,
    1.5168988704681396,
    1.8678057193756104,
    2.3115625381469727,
    2.441898822784424
  ],
  "primal_loss": [
    416.23926006822313,
    414.93461483556337,
    414.75012975159365,
    414.7239853308141,
    414.71872029590446,
    414.7150017555058,
    414.7152139816412,
    414.7112062220883,
    414.71000996123485,
    414.70932653830005
  ],
  "dual_loss": [
    -409.9419208060239,
    -414.20532195419406,
    -414.56313202848895,
    -414.66072941672314,
    -414.67942424173265,
    -414.69604651136063,
    -414.6981408827054,
    -414.70283493526597,
    -414.7029493797889,
    -414.704049676116
  ],
  "train_accuracy": [
    0.6932307692307692,
    0.6896923076923077,
    0.6903076923076923,
    0.69,
    0.69,
    0.69,
    0.69,
    0.69,
    0.69,
    0.6901538461538461
  ],
  "test_accuracy": [
    0.6966153846153846,
    0.692923076923077,
    0.6923076923076923,
    0.6923076923076923,
    0.6923076923076923,
    0.6923076923076923,
    0.6923076923076923,
    0.6923076923076923,
    0.6923076923076923,
    0.6923076923076923
  ]
}