{
  "dimension": [
    500,
    1000,
    1500,
    2000,
    2500,
    3000,
    3500,
    4000,
    4500,
    5000,
    5500
  ],
  "thresholds": [
    1.0,
    0.25,
    0.1111111111111111,
    0.0625,
    0.04,
    0.027777777777777776,
    0.02040816326530612,
    0.015625,
    0.012345679012345678,
    0.01
  ],
  "times": [
    0.5325448513031006,
    1.158290147781372,
    2.403200626373291,
    3.336536407470703,
    4.804873704910278,
    5.761883974075317,
    7.529433250427246,
    7.857459545135498,
    9.414526224136353,
    11.152211904525757
  ],
  "primal_loss": [
    3328.2861822849795,
    3309.2180308047236,
    3308.8404111096443,
    3308.747882890916,
    3308.6625998166496,
    3308.5794962964796,
    3308.5769029731305,
    3308.577527409445,
    3308.5591743308382,
    3308.5471081047235
  ],
  "dual_loss": [
    -3285.3339184799897,
    -3305.1468710045724,
    -3307.933525713224,
    -3308.257472275114,
    -3308.3858173569242,
    -3308.443438405264,
    -3308.493740717546,
    -3308.4941000842823,
    -3308.499965018715,
    -3308.508485930306
  ],
  "train_accuracy": [
    0.7507272727272727,
    0.7583636363636364,
    0.757090909090909,
    0.759090909090909,
    0.758,
    0.7581818181818182,
    0.7585454545454545,
    0.758,
    0.7574545454545455,
    0.7581818181818182
  ],
  "test_accuracy": [
    0.7687272727272727,
    0.773090909090909,
    0.7716363636363637,
    0.7745454545454545,
    0.7738181818181818,
    0.773090909090909,
    0.773090909090909,
    0.773090909090909,
    0.773090909090909,
    0.7738181818181818
  ]
}