{
  "dimension": [
    500,
    1000,
    1500,
    2000,
    2500,
    3000,
    3500,
    4000,
    4500
  ],
  "thresholds": [
    1.0,
    0.25,
    0.1111111111111111,
    0.0625,
    0.04,
    0.027777777777777776,
    0.02040816326530612,
    0.015625,
    0.012345679012345678,
    0.01
  ],
  "times": [
    0.08227682113647461,
    0.17075657844543457,
    0.3262765407562256,
    0.5325400829315186,
    0.6752650737762451,
    0.8140289783477783,
    0.8464860916137695,
    0.9038050174713135,
    1.370168924331665,
    1.6563746929168701
  ],
  "primal_loss": [
    300.9473611785605,
    298.9488567133737,
    298.8836374276661,
    298.88057754029506,
    298.8685094861875,
    298.8586772141994,
    298.860042699859,
    298.85781525311467,
    298.8570016542013,
    298.8556212432461
  ],
  "dual_loss": [
    -296.9881320792956,
    -298.5345915108962,
    -298.79531254300514,
    -298.8339419325483,
    -298.8435980601779,
    -298.84734311944305,
    -298.84793285714994,
    -298.8491913954787,
    -298.8514431243187,
    -298.85277782789825
  ],
  "train_accuracy": [
    0.6908888888888889,
    0.69,
    0.6913333333333334,
    0.6913333333333334,
    0.6913333333333334,
    0.6915555555555556,
    0.6915555555555556,
    0.6913333333333334,
    0.6913333333333334,
    0.6913333333333334
  ],
  "test_accuracy": [
    0.7066666666666667,
    0.7057777777777777,
    0.7048888888888889,
    0.7048888888888889,
    0.7057777777777777,
    0.7057777777777777,
    0.7057777777777777,
    0.7048888888888889,
    0.7057777777777777,
    0.7057777777777777
  ]
}