{
  "dimension": 10000,
  "times": [
    0.5000004768371582,
    1.0000007152557373,
    1.500002384185791,
    2.000000476837158,
    2.5000078678131104,
    3.0000007152557373,
    3.500002861022949,
    4.000001668930054,
    4.5000011920928955,
    5.000000238418579,
    5.500000476837158,
    6.000003099441528,
    6.500001668930054,
    7.000000476837158,
    7.500002861022949,
    8.000000715255737,
    8.500000715255737,
    9.000004053115845,
    9.500001430511475,
    10.00000286102295
  ],
  "primal_loss": [],
  "dual_loss": [],
  "train_accuracy": [
    0.7613,
    0.771,
    0.7677,
    0.7702,
    0.7703,
    0.7705,
    0.7713,
    0.7691,
    0.7714,
    0.7697,
    0.7703,
    0.7707,
    0.7709,
    0.771,
    0.7711,
    0.7709,
    0.7709,
    0.7705,
    0.7702,
    0.7704
  ],
  "test_accuracy": [
    0.7596,
    0.7672,
    0.7656,
    0.764,
    0.7648,
    0.7668,
    0.7644,
    0.7644,
    0.7648,
    0.7652,
    0.7648,
    0.7668,
    0.7636,
    0.7648,
    0.7652,
    0.764,
    0.7644,
    0.7648,
    0.7644,
    0.7652
  ]
}