{
  "dimension": [
    1000,
    2000,
    3000,
    4000,
    5000,
    6000
  ],
  "thresholds": [
    0.1,
    0.01,
    0.001,
    0.0001
  ],
  "times": [
    0.47574448585510254,
    1.7634625434875488,
    6.5139312744140625,
    28.5582275390625
  ],
  "primal_loss": [
    257.96575369756016,
    257.9586437329334,
    257.9577361302173,
    257.9576480265748
  ],
  "dual_loss": [
    -257.9378101165456,
    -257.9567739204921,
    -257.95760538628394,
    -257.9576241450943
  ],
  "train_accuracy": [
    0.69075,
    0.69075,
    0.69075,
    0.69075
  ],
  "test_accuracy": [
    0.511,
    0.511,
    0.511,
    0.511
  ]
}