{
  "dimension": [
    500,
    1000
  ],
  "thresholds": [
    1.0,
    0.25,
    0.1111111111111111,
    0.0625,
    0.04,
    0.027777777777777776,
    0.02040816326530612,
    0.015625,
    0.012345679012345678,
    0.01
  ],
  "times": [
    0.014789342880249023,
    0.03012704849243164,
    0.06322860717773438,
    0.09205174446105957,
    0.1228029727935791,
    0.15163803100585938,
    0.19968581199645996,
    0.23434948921203613,
    0.29862403869628906,
    0.3481597900390625
  ],
  "primal_loss": [
    68.08008053184994,
    66.4761319661855,
    66.35347625740538,
    66.36398527993111,
    66.34821106221388,
    66.34170710504507,
    66.34174526505029,
    66.34127299342329,
    66.34217803807958,
    66.34007043953771
  ],
  "dual_loss": [
    -65.73696565490238,
    -66.10840804639581,
    -66.282541678113,
    -66.32128222244606,
    -66.326325574715,
    -66.3320769179432,
    -66.3347085541809,
    -66.33663569685791,
    -66.33716157047076,
    -66.3371873658556
  ],
  "train_accuracy": [
    0.718,
    0.725,
    0.718,
    0.72,
    0.72,
    0.719,
    0.719,
    0.72,
    0.719,
    0.719
  ],
  "test_accuracy": [
    0.696,
    0.692,
    0.692,
    0.692,
    0.692,
    0.692,
    0.692,
    0.692,
    0.692,
    0.696
  ]
}