{
  "dimension": [
    500,
    1000,
    1500,
    2000,
    2500,
    3000,
    3500,
    4000,
    4500,
    5000,
    5500,
    6000,
    6500,
    7000,
    7500,
    8000
  ],
  "thresholds": [
    1.0,
    0.25,
    0.1111111111111111,
    0.0625,
    0.04,
    0.027777777777777776,
    0.02040816326530612,
    0.015625,
    0.012345679012345678,
    0.01
  ],
  "times": [
    0.7097463607788086,
    2.005138635635376,
    3.4789209365844727,
    5.316136598587036,
    7.465769052505493,
    10.273092269897461,
    12.125263214111328,
    15.809114694595337,
    17.907687664031982,
    20.799967288970947
  ],
  "primal_loss": [
    4642.8275250311635,
    4633.476117219833,
    4633.050184480369,
    4632.814528744703,
    4632.810810571966,
    4632.727701950102,
    4632.717086748158,
    4632.710320370514,
    4632.700187851655,
    4632.700255357957
  ],
  "dual_loss": [
    -4587.015092367972,
    -4629.673395044966,
    -4631.825795744028,
    -4632.291881317376,
    -4632.5249565258755,
    -4632.60699762067,
    -4632.617235401017,
    -4632.636266870541,
    -4632.6538613719895,
    -4632.66200997474
  ],
  "train_accuracy": [
    0.773,
    0.7705,
    0.771625,
    0.7725,
    0.772,
    0.772,
    0.77175,
    0.77225,
    0.77225,
    0.772
  ],
  "test_accuracy": [
    0.754,
    0.7555,
    0.7555,
    0.756,
    0.7555,
    0.7555,
    0.755,
    0.7555,
    0.755,
    0.755
  ]
}