{
  "dimension": 10000,
  "times": [
    0.10000181198120117,
    0.20000290870666504,
    0.3000061511993408,
    0.40000152587890625,
    0.5000019073486328,
    0.6000010967254639,
    0.7000014781951904,
    0.8000006675720215,
    0.9000012874603271
  ],
  "primal_loss": [],
  "dual_loss": [],
  "train_accuracy": [
    0.6483,
    0.7283,
    0.7507,
    0.7102,
    0.7594,
    0.7627,
    0.7627,
    0.7583,
    0.7578
  ],
  "test_accuracy": [
    0.6412,
    0.732,
    0.7428,
    0.7116,
    0.7552,
    0.7588,
    0.7552,
    0.7544,
    0.7576
  ]
}