{
  "dimension": [
    1000,
    2000,
    3000,
    4000,
    5000,
    6000
  ],
  "thresholds": [
    0.1,
    0.01,
    0.001,
    0.0001
  ],
  "times": [
    1.2470567226409912,
    4.747013807296753,
    15.93597674369812,
    40.5281445980072
  ],
  "primal_loss": [
    971.4567980216864,
    971.3654650678055,
    971.354866388701,
    971.3527337136737
  ],
  "dual_loss": [
    -971.2462500530344,
    -971.3463530637742,
    -971.3525572713137,
    -971.3525932565132
  ],
  "train_accuracy": [
    0.700625,
    0.700625,
    0.700625,
    0.700625
  ],
  "test_accuracy": [
    0.5225,
    0.5225,
    0.5225,
    0.5225
  ]
}