{
  "dimension": [
    1000,
    2000,
    3000,
    4000,
    5000,
    6000
  ],
  "thresholds": [
    0.1,
    0.01,
    0.001,
    0.0001
  ],
  "times": [
    0.05672764778137207,
    0.11393332481384277,
    0.27343320846557617,
    0.3022797107696533
  ],
  "primal_loss": [
    0.38277695806904466,
    0.18390098717950745,
    0.17201861931743292,
    0.17149120212007773
  ],
  "dual_loss": [
    -0.17016790319509378,
    -0.17125372136731554,
    -0.1714409357101726,
    -0.17144231445941482
  ],
  "train_accuracy": [
    0.5183333333333333,
    0.5183333333333333,
    0.5183333333333333,
    0.5183333333333333
  ],
  "test_accuracy": [
    0.525,
    0.525,
    0.525,
    0.525
  ]
}