{
  "thresholds": 0.01,
  "features": [
    20,
    30,
    40,
    54
  ],
  "times": [
    1.4278454780578613,
    0.8803122043609619,
    0.4556248188018799,
    1.9536843299865723
  ],
  "primal_loss": [
    402.5674537765004,
    361.28755725755883,
    348.18873118704016,
    308.4323438937233
  ],
  "dual_loss": [
    -402.5637495436101,
    -361.2853006493455,
    -348.13825497586083,
    -308.42885695381517
  ],
  "train_accuracy": [
    0.5897916666666667,
    0.6404166666666666,
    0.6608333333333334,
    0.6897916666666667
  ],
  "test_accuracy": [
    0.5925,
    0.6533333333333333,
    0.6533333333333333,
    0.6791666666666667
  ],
  "dimension": 4800
}