{
  "dimension": [
    500,
    1000,
    1500,
    2000,
    2500,
    3000
  ],
  "thresholds": [
    1.0,
    0.25,
    0.1111111111111111,
    0.0625,
    0.04,
    0.027777777777777776,
    0.02040816326530612,
    0.015625,
    0.012345679012345678,
    0.01
  ],
  "times": [
    1.1774218082427979,
    1.3020930290222168,
    1.370391607284546,
    1.4600074291229248,
    1.5703976154327393,
    1.6954092979431152,
    1.7127363681793213,
    1.8215343952178955,
    1.8718304634094238,
    1.9487755298614502
  ],
  "primal_loss": [
    221.997000280642,
    198.570098666154,
    196.9845261643479,
    196.11964238876195,
    196.1235325920426,
    196.07559258736129,
    196.1028827071289,
    196.0776463555605,
    196.07913542616097,
    196.0741152861858
  ],
  "dual_loss": [
    -192.92738911183304,
    -195.44692231463424,
    -195.767930187244,
    -195.9213445052367,
    -195.98949322978953,
    -196.02378477686085,
    -196.03650396695977,
    -196.04731175927117,
    -196.05057008832225,
    -196.05339854273117
  ],
  "train_accuracy": [
    0.6966666666666667,
    0.694,
    0.6936666666666667,
    0.6933333333333334,
    0.6926666666666667,
    0.693,
    0.6933333333333334,
    0.693,
    0.693,
    0.6933333333333334
  ],
  "test_accuracy": [
    0.6746666666666666,
    0.6733333333333333,
    0.6733333333333333,
    0.672,
    0.672,
    0.672,
    0.672,
    0.672,
    0.672,
    0.672
  ]
}