{
  "dimension": [
    1000,
    2000,
    3000,
    4000,
    5000,
    6000
  ],
  "thresholds": [
    0.1,
    0.01,
    0.001,
    0.0001
  ],
  "times": [
    0.10286355018615723,
    0.14374542236328125,
    0.20257139205932617,
    0.18028593063354492
  ],
  "primal_loss": [
    56.30127859731396,
    56.24341076991915,
    56.241135760734394,
    56.24085727697235
  ],
  "dual_loss": [
    -56.202951079768745,
    -56.240039358439155,
    -56.240833528134075,
    -56.240836473600126
  ],
  "train_accuracy": [
    0.70375,
    0.70375,
    0.7025,
    0.7025
  ],
  "test_accuracy": [
    0.685,
    0.685,
    0.685,
    0.685
  ]
}