{
  "dimension": [
    500,
    1000,
    1500,
    2000,
    2500
  ],
  "thresholds": [
    1.0,
    0.25,
    0.1111111111111111,
    0.0625,
    0.04,
    0.027777777777777776,
    0.02040816326530612,
    0.015625,
    0.012345679012345678,
    0.01
  ],
  "times": [
    0.8522474765777588,
    0.8555607795715332,
    0.885944128036499,
    0.9213457107543945,
    1.0077543258666992,
    1.0080397129058838,
    1.0028831958770752,
    1.0396041870117188,
    1.0548219680786133,
    1.0671954154968262
  ],
  "primal_loss": [
    181.8771035766276,
    169.33693017608212,
    167.71760577616044,
    167.08901857850717,
    167.14382139644763,
    167.06458022320174,
    167.06379333805745,
    167.05804429705475,
    167.05722754105346,
    167.05648842406032
  ],
  "dual_loss": [
    -163.88437110581347,
    -166.64107855437453,
    -166.9197101228387,
    -166.99105708553128,
    -167.03323704166803,
    -167.04206904821402,
    -167.0447878904388,
    -167.05004664514868,
    -167.05061519853436,
    -167.05196767788775
  ],
  "train_accuracy": [
    0.714,
    0.6884,
    0.6972,
    0.6928,
    0.6912,
    0.6924,
    0.6936,
    0.6928,
    0.6928,
    0.6932
  ],
  "test_accuracy": [
    0.6912,
    0.6576,
    0.6608,
    0.6592,
    0.656,
    0.6592,
    0.6608,
    0.6592,
    0.6592,
    0.6592
  ]
}