{
  "thresholds": 0.001,
  "features": [
    20,
    30,
    40,
    54
  ],
  "times": [
    0.5393202304840088,
    0.45290470123291016,
    0.526139497756958,
    3.3500301837921143
  ],
  "primal_loss": [
    2040.743713279564,
    1762.0616612895153,
    1555.7626599632392,
    1443.1600641592322
  ],
  "dual_loss": [
    -2040.7412347718343,
    -1761.8055542589864,
    -1555.499995505688,
    -1443.1551645300735
  ],
  "train_accuracy": [
    0.6004166666666667,
    0.6366666666666667,
    0.68125,
    0.7570833333333333
  ],
  "test_accuracy": [
    0.5833333333333334,
    0.6266666666666667,
    0.6833333333333333,
    0.7033333333333334
  ],
  "dimension": 3000
}