{
  "dimension": [
    500,
    1000,
    1500,
    2000,
    2500,
    3000,
    3500,
    4000,
    4500,
    5000,
    5500,
    6000,
    6500,
    7000,
    7500,
    8000
  ],
  "thresholds": [
    1.0,
    0.25,
    0.1111111111111111,
    0.0625,
    0.04,
    0.027777777777777776,
    0.02040816326530612,
    0.015625,
    0.012345679012345678,
    0.01
  ],
  "times": [
    16.24935531616211,
    22.95160961151123,
    26.625304698944092,
    28.963043212890625,
    31.41311240196228,
    33.698649168014526,
    34.61047840118408,
    34.92286157608032,
    36.39639234542847,
    37.04095101356506
  ],
  "primal_loss": [
    5094.090534489118,
    4668.486526052063,
    4658.983882089895,
    4654.767464073553,
    4654.712525084655,
    4654.697952596732,
    4654.252990834256,
    4654.171984409552,
    4654.18326974623,
    4654.09370741962
  ],
  "dual_loss": [
    -4479.663378792101,
    -4643.524843005511,
    -4651.802425798727,
    -4653.212962686477,
    -4653.702059165534,
    -4653.891410184167,
    -4653.943804513792,
    -4653.958510255112,
    -4653.978545058588,
    -4653.989983688224
  ],
  "train_accuracy": [
    0.743375,
    0.768125,
    0.76975,
    0.767625,
    0.76875,
    0.768125,
    0.767625,
    0.768,
    0.76775,
    0.76775
  ],
  "test_accuracy": [
    0.732,
    0.765,
    0.7675,
    0.7655,
    0.7635,
    0.764,
    0.765,
    0.7655,
    0.7645,
    0.7655
  ]
}