{
  "dimension": [
    500,
    1000,
    1500,
    2000,
    2500,
    3000,
    3500,
    4000,
    4500,
    5000,
    5500,
    6000,
    6500,
    7000,
    7500,
    8000,
    8500,
    9000
  ],
  "thresholds": [
    1.0,
    0.25,
    0.1111111111111111,
    0.0625,
    0.04,
    0.027777777777777776,
    0.02040816326530612,
    0.015625,
    0.012345679012345678,
    0.01
  ],
  "times": [
    12.566293478012085,
    13.77452540397644,
    14.751107692718506,
    15.129382371902466,
    15.487643480300903,
    15.675619125366211,
    15.903799533843994,
    16.373051166534424,
    16.66453528404236,
    16.73933696746826
  ],
  "primal_loss": [
    584.4718748800785,
    564.6568708861511,
    561.9000810887349,
    561.6467169856188,
    561.5474319246341,
    561.363638866078,
    561.3687675853336,
    561.3477192767989,
    561.3226032462021,
    561.3255215919287
  ],
  "dual_loss": [
    -547.7368744079996,
    -559.7625111841879,
    -561.0343709445727,
    -561.2102599158587,
    -561.2667104049945,
    -561.2814694687769,
    -561.2913309762748,
    -561.3011084895139,
    -561.3035176960153,
    -561.3054940736936
  ],
  "train_accuracy": [
    0.7462222222222222,
    0.7068888888888889,
    0.703,
    0.7027777777777777,
    0.7018888888888889,
    0.7007777777777778,
    0.7015555555555556,
    0.7015555555555556,
    0.7013333333333334,
    0.7013333333333334
  ],
  "test_accuracy": [
    0.7506666666666667,
    0.696,
    0.6937777777777778,
    0.6924444444444444,
    0.6915555555555556,
    0.6902222222222222,
    0.6915555555555556,
    0.6906666666666667,
    0.6915555555555556,
    0.6915555555555556
  ]
}