{
  "dimension": [
    500,
    1000,
    1500,
    2000,
    2500,
    3000,
    3500,
    4000,
    4500
  ],
  "thresholds": [
    1.0,
    0.25,
    0.1111111111111111,
    0.0625,
    0.04,
    0.027777777777777776,
    0.02040816326530612,
    0.015625,
    0.012345679012345678,
    0.01
  ],
  "times": [
    3.1782450675964355,
    3.462650775909424,
    3.6064181327819824,
    3.767711877822876,
    3.8448352813720703,
    3.8815855979919434,
    4.0389814376831055,
    4.087750673294067,
    4.153398513793945,
    4.21182656288147
  ],
  "primal_loss": [
    314.66500121746185,
    297.5628482729098,
    295.67324665301305,
    295.4236704661471,
    295.27360109540405,
    295.2548803085653,
    295.26297309428423,
    295.24567152247306,
    295.2374259867816,
    295.22975168353105
  ],
  "dual_loss": [
    -288.87507067263715,
    -294.5057436430777,
    -294.98663230036135,
    -295.1500374768046,
    -295.1965948000953,
    -295.2068504396773,
    -295.218736203814,
    -295.2192976754737,
    -295.2213941491424,
    -295.2214159174449
  ],
  "train_accuracy": [
    0.6966666666666667,
    0.6835555555555556,
    0.6806666666666666,
    0.6811111111111111,
    0.6813333333333333,
    0.6813333333333333,
    0.6808888888888889,
    0.6813333333333333,
    0.6815555555555556,
    0.6813333333333333
  ],
  "test_accuracy": [
    0.6933333333333334,
    0.6871111111111111,
    0.6835555555555556,
    0.6835555555555556,
    0.6835555555555556,
    0.6835555555555556,
    0.6835555555555556,
    0.6835555555555556,
    0.6835555555555556,
    0.6835555555555556
  ]
}