{
  "dimension": 4781,
  "thresholds": [
    0.1,
    0.01,
    0.001,
    0.0001
  ],
  "times": [
    31.523178339004517,
    63.31701111793518,
    89.51890134811401,
    134.87536644935608
  ],
  "primal_loss": [
    1672.3769324022621,
    1669.4896161612696,
    1669.3290468781079,
    1669.3119469691223
  ],
  "dual_loss": [
    -1668.5995529302043,
    -1669.2900350466152,
    -1669.3099842269976,
    -1669.3100644310466
  ],
  "train_accuracy": [
    0.84898556787283,
    0.8487764066094959,
    0.8483580840828279,
    0.8481489228194938
  ]
}