{
  "dimension": [
    1000,
    2000,
    3000,
    4000,
    5000,
    6000
  ],
  "thresholds": [
    0.1,
    0.01,
    0.001,
    0.0001
  ],
  "times": [
    0.024702072143554688,
    0.016797304153442383,
    0.02739882469177246,
    0.01719069480895996
  ],
  "primal_loss": [
    2400.0,
    2400.0,
    2400.0,
    2400.0
  ],
  "dual_loss": [
    0.0,
    0.0,
    0.0,
    0.0
  ],
  "train_accuracy": [
    0.0,
    0.0,
    0.0,
    0.0
  ],
  "test_accuracy": [
    0.0,
    0.0,
    0.0,
    0.0
  ]
}