{
  "dimension": [
    1000,
    2000,
    3000,
    4000,
    5000,
    6000
  ],
  "thresholds": [
    0.1,
    0.01,
    0.001,
    0.0001
  ],
  "times": [
    0.026065826416015625,
    0.024873971939086914,
    0.028911352157592773,
    0.03225064277648926
  ],
  "primal_loss": [
    2400.0,
    2400.0,
    2400.0,
    2400.0
  ],
  "dual_loss": [
    0.0,
    0.0,
    0.0,
    0.0
  ],
  "train_accuracy": [
    0.0,
    0.0,
    0.0,
    0.0
  ],
  "test_accuracy": [
    0.0,
    0.0,
    0.0,
    0.0
  ]
}