{
  "dimension": [
    1000,
    2000,
    3000,
    4000,
    5000,
    6000
  ],
  "thresholds": [
    0.1,
    0.01,
    0.001,
    0.0001
  ],
  "times": [
    1.6651928424835205,
    1.9068224430084229,
    2.358194589614868,
    2.611283779144287
  ],
  "primal_loss": [
    211.60552554471315,
    211.28945823258908,
    211.28650376578344,
    211.28599906011084
  ],
  "dual_loss": [
    -211.16500359171866,
    -211.28470080819466,
    -211.28592544151167,
    -211.28596330519804
  ],
  "train_accuracy": [
    0.6940625,
    0.6940625,
    0.6940625,
    0.6940625
  ],
  "test_accuracy": [
    0.7075,
    0.7125,
    0.7125,
    0.7125
  ]
}