{
  "dimension": [
    500,
    1000
  ],
  "thresholds": [
    1.0,
    0.25,
    0.1111111111111111,
    0.0625,
    0.04,
    0.027777777777777776,
    0.02040816326530612,
    0.015625,
    0.012345679012345678,
    0.01
  ],
  "times": [
    0.11791515350341797,
    0.14509057998657227,
    0.15608644485473633,
    0.15123796463012695,
    0.15308380126953125,
    0.1573936939239502,
    0.16846108436584473,
    0.18018198013305664,
    0.18288040161132812,
    0.1847834587097168
  ],
  "primal_loss": [
    74.70382200852328,
    66.50605092288868,
    66.24401621491944,
    65.73824804444486,
    65.72964108726393,
    65.72177659849942,
    65.7231898310472,
    65.72547699428121,
    65.71691056478322,
    65.71565003660548
  ],
  "dual_loss": [
    -63.709200341561946,
    -65.53879911807192,
    -65.62254668573993,
    -65.68418508069348,
    -65.69347559305082,
    -65.69763651542509,
    -65.70483815891248,
    -65.70740811309764,
    -65.70849038054394,
    -65.70884781897892
  ],
  "train_accuracy": [
    0.722,
    0.723,
    0.729,
    0.735,
    0.734,
    0.737,
    0.735,
    0.736,
    0.735,
    0.736
  ],
  "test_accuracy": [
    0.704,
    0.692,
    0.684,
    0.704,
    0.7,
    0.704,
    0.7,
    0.7,
    0.7,
    0.7
  ]
}