{
  "dimension": [
    500,
    1000,
    1500,
    2000,
    2500,
    3000,
    3500,
    4000,
    4500,
    5000,
    5500,
    6000,
    6500,
    7000,
    7500,
    8000,
    8500,
    9000,
    9500
  ],
  "thresholds": [
    1.0,
    0.25,
    0.1111111111111111,
    0.0625,
    0.04,
    0.027777777777777776,
    0.02040816326530612,
    0.015625,
    0.012345679012345678,
    0.01
  ],
  "times": [
    23.325225353240967,
    34.07543063163757,
    40.23521423339844,
    42.859203815460205,
    45.42943024635315,
    47.26688194274902,
    49.494162797927856,
    51.58601403236389,
    54.172669649124146,
    54.91385054588318
  ],
  "primal_loss": [
    5945.536597009653,
    5612.293732310098,
    5604.561959508237,
    5602.537894099964,
    5601.574890610707,
    5601.500177895898,
    5601.414942016309,
    5601.469216257711,
    5601.394505650906,
    5601.384834856652
  ],
  "dual_loss": [
    -5343.273344675115,
    -5587.973277950001,
    -5599.18145786648,
    -5600.597146011175,
    -5600.998210124804,
    -5601.119650011555,
    -5601.196015786699,
    -5601.231357661738,
    -5601.2603291072355,
    -5601.268322793196
  ],
  "train_accuracy": [
    0.748,
    0.7613684210526316,
    0.7611578947368421,
    0.7627368421052632,
    0.7627368421052632,
    0.764,
    0.7631578947368421,
    0.7633684210526316,
    0.7633684210526316,
    0.7631578947368421
  ],
  "test_accuracy": [
    0.7418947368421053,
    0.7498947368421053,
    0.7532631578947369,
    0.752,
    0.752421052631579,
    0.7511578947368421,
    0.752,
    0.752421052631579,
    0.752421052631579,
    0.7532631578947369
  ]
}