{
  "thresholds": 0.01,
  "features": [
    20,
    30,
    40,
    54
  ],
  "times": [
    0.05856966972351074,
    0.09692931175231934,
    0.10204410552978516,
    0.30112314224243164
  ],
  "primal_loss": [
    368.4428241063705,
    355.8520129712388,
    339.12345509859034,
    283.9172432491511
  ],
  "dual_loss": [
    -368.42309778989204,
    -355.80619095800154,
    -339.06917232764386,
    -283.8682475330623
  ],
  "train_accuracy": [
    0.768,
    0.688,
    0.674,
    0.734
  ],
  "test_accuracy": [
    0.736,
    0.688,
    0.664,
    0.712
  ],
  "dimension": 500
}