{
  "dimension": [
    500,
    1000,
    1500,
    2000,
    2500,
    3000,
    3500,
    4000,
    4500,
    5000,
    5500,
    6000,
    6500,
    7000
  ],
  "thresholds": [
    1.0,
    0.25,
    0.1111111111111111,
    0.0625,
    0.04,
    0.027777777777777776,
    0.02040816326530612,
    0.015625,
    0.012345679012345678,
    0.01
  ],
  "times": [
    12.277912139892578,
    16.814481496810913,
    19.718287467956543,
    21.960463047027588,
    23.64473557472229,
    24.962217092514038,
    25.840149641036987,
    26.707396745681763,
    27.816336393356323,
    29.05634903907776
  ],
  "primal_loss": [
    4538.8872904103255,
    4112.332115062895,
    4113.1090304767295,
    4109.387399179321,
    4108.900891817,
    4109.319288681003,
    4108.7506266730525,
    4108.740747505728,
    4108.694688499189,
    4108.695717151747
  ],
  "dual_loss": [
    -3964.021104715624,
    -4099.121929051966,
    -4106.708097758684,
    -4108.030943924772,
    -4108.3944391524965,
    -4108.529008225268,
    -4108.562163162059,
    -4108.579227371614,
    -4108.599123551975,
    -4108.611176467225
  ],
  "train_accuracy": [
    0.7458571428571429,
    0.7622857142857142,
    0.7622857142857142,
    0.7608571428571429,
    0.7615714285714286,
    0.7612857142857142,
    0.7615714285714286,
    0.7614285714285715,
    0.762,
    0.7622857142857142
  ],
  "test_accuracy": [
    0.7388571428571429,
    0.7685714285714286,
    0.7748571428571429,
    0.7731428571428571,
    0.7725714285714286,
    0.7731428571428571,
    0.7731428571428571,
    0.7731428571428571,
    0.7725714285714286,
    0.772
  ]
}