{
  "dimension": [
    500,
    1000,
    1500,
    2000
  ],
  "thresholds": [
    1.0,
    0.25,
    0.1111111111111111,
    0.0625,
    0.04,
    0.027777777777777776,
    0.02040816326530612,
    0.015625,
    0.012345679012345678,
    0.01
  ],
  "times": [
    0.6679677963256836,
    0.9519777297973633,
    1.0586447715759277,
    0.9981138706207275,
    1.1157643795013428,
    1.2033865451812744,
    1.284975290298462,
    1.33015775680542,
    1.3735723495483398,
    1.3663156032562256
  ],
  "primal_loss": [
    1294.783047963821,
    1192.1565183355488,
    1188.1110051330793,
    1186.0120158515135,
    1185.9742435852334,
    1185.8619107684249,
    1185.85096632508,
    1185.824563299872,
    1185.9080057845836,
    1185.8316132315301
  ],
  "dual_loss": [
    -1145.9382911186956,
    -1183.0821506741277,
    -1185.397480985138,
    -1185.6103781940537,
    -1185.6467574144838,
    -1185.7021689403198,
    -1185.7178832359439,
    -1185.7339555759602,
    -1185.7380636599235,
    -1185.7382884276524
  ],
  "train_accuracy": [
    0.7445,
    0.746,
    0.7445,
    0.7435,
    0.7435,
    0.742,
    0.7425,
    0.743,
    0.7425,
    0.7425
  ],
  "test_accuracy": [
    0.716,
    0.736,
    0.732,
    0.726,
    0.726,
    0.726,
    0.726,
    0.726,
    0.73,
    0.728
  ]
}