{
  "dimension": [
    1000,
    2000,
    3000,
    4000,
    5000,
    6000
  ],
  "thresholds": [
    0.1,
    0.01,
    0.001,
    0.0001
  ],
  "times": [
    1.4396109580993652,
    2.330980062484741,
    3.5237839221954346,
    9.927670001983643
  ],
  "primal_loss": [
    1386.3974968236373,
    1385.7343664933778,
    1385.6966205536296,
    1385.6918091402813
  ],
  "dual_loss": [
    -1385.1982965721754,
    -1385.682515589109,
    -1385.6901276255323,
    -1385.6909278946425
  ],
  "train_accuracy": [
    0.7741666666666667,
    0.7729166666666667,
    0.7729166666666667,
    0.7733333333333333
  ],
  "test_accuracy": [
    0.75,
    0.755,
    0.7533333333333333,
    0.7533333333333333
  ]
}