{
  "dimension": [
    500,
    1000,
    1500,
    2000,
    2500,
    3000,
    3500,
    4000,
    4500,
    5000,
    5500,
    6000,
    6500,
    7000,
    7500,
    8000,
    8500,
    9000,
    9500,
    10000
  ],
  "thresholds": [
    1.0,
    0.25,
    0.1111111111111111,
    0.0625,
    0.04,
    0.027777777777777776,
    0.02040816326530612,
    0.015625,
    0.012345679012345678,
    0.01
  ],
  "times": [
    15.157571077346802,
    16.82093644142151,
    17.779550313949585,
    19.325059413909912,
    20.370318174362183,
    21.1861515045166,
    21.54693055152893,
    22.21205711364746,
    23.000782251358032,
    23.448426723480225
  ],
  "primal_loss": [
    651.030701734931,
    627.527590638366,
    620.1977913387138,
    619.8916515393666,
    619.8095526750818,
    619.7877881231428,
    619.7760375318414,
    619.7774690741894,
    619.7738916913446,
    619.7670338425036
  ],
  "dual_loss": [
    -605.141388088818,
    -617.4856783728077,
    -618.9649378440515,
    -619.5171707746438,
    -619.6712502792996,
    -619.7200983399468,
    -619.7298793029407,
    -619.7422657012639,
    -619.7510721448034,
    -619.7556302461326
  ],
  "train_accuracy": [
    0.7222,
    0.6968,
    0.6969,
    0.697,
    0.6967,
    0.6968,
    0.6969,
    0.6969,
    0.6968,
    0.6969
  ],
  "test_accuracy": [
    0.7248,
    0.6908,
    0.6896,
    0.69,
    0.69,
    0.6904,
    0.6904,
    0.6904,
    0.69,
    0.69
  ]
}