{
  "dimension": [
    500,
    1000,
    1500,
    2000,
    2500,
    3000,
    3500,
    4000,
    4500,
    5000,
    5500,
    6000,
    6500,
    7000,
    7500,
    8000,
    8500
  ],
  "thresholds": [
    1.0,
    0.25,
    0.1111111111111111,
    0.0625,
    0.04,
    0.027777777777777776,
    0.02040816326530612,
    0.015625,
    0.012345679012345678,
    0.01
  ],
  "times": [
    19.222227096557617,
    26.787373542785645,
    30.543786764144897,
    33.04805636405945,
    35.785635471343994,
    36.95921540260315,
    38.50660252571106,
    39.33062934875488,
    40.51550078392029,
    40.90597128868103
  ],
  "primal_loss": [
    5411.517815288605,
    5029.67140812444,
    5017.638769790385,
    5015.1950565432235,
    5015.080152919327,
    5014.976489844232,
    5014.795965193566,
    5014.7431421549845,
    5014.729788672164,
    5014.72635244066
  ],
  "dual_loss": [
    -4826.796181752892,
    -5003.756809516734,
    -5012.55908512028,
    -5013.905335488983,
    -5014.46204910827,
    -5014.544120191075,
    -5014.608467226517,
    -5014.625711391503,
    -5014.644278692921,
    -5014.647576782269
  ],
  "train_accuracy": [
    0.7435294117647059,
    0.7628235294117647,
    0.7669411764705882,
    0.7669411764705882,
    0.7664705882352941,
    0.7665882352941177,
    0.7674117647058823,
    0.7665882352941177,
    0.7665882352941177,
    0.7665882352941177
  ],
  "test_accuracy": [
    0.7491764705882353,
    0.7670588235294118,
    0.7675294117647059,
    0.7647058823529411,
    0.7632941176470588,
    0.7637647058823529,
    0.7632941176470588,
    0.7637647058823529,
    0.7632941176470588,
    0.764235294117647
  ]
}