{
  "dimension": [
    1000,
    2000,
    3000,
    4000,
    5000,
    6000
  ],
  "thresholds": [
    0.1,
    0.01,
    0.001,
    0.0001
  ],
  "times": [
    0.028822898864746094,
    0.01806950569152832,
    0.02645707130432129,
    0.019775390625
  ],
  "primal_loss": [
    2400.0,
    2400.0,
    2400.0,
    2400.0
  ],
  "dual_loss": [
    0.0,
    0.0,
    0.0,
    0.0
  ],
  "train_accuracy": [
    0.0,
    0.0,
    0.0,
    0.0
  ],
  "test_accuracy": [
    0.0,
    0.0,
    0.0,
    0.0
  ]
}