{
  "dimension": 10000,
  "times": [
    0.10037398338317871,
    0.2007157802581787,
    0.3007380962371826,
    0.40023136138916016,
    0.5012798309326172,
    0.600177526473999,
    0.7009472846984863,
    0.8002212047576904,
    0.9003400802612305
  ],
  "primal_loss": [],
  "dual_loss": [],
  "train_accuracy": [
    0.4813,
    0.5181,
    0.5173,
    0.5173,
    0.5173,
    0.5173,
    0.5173,
    0.5247,
    0.5173
  ],
  "test_accuracy": [
    0.4812,
    0.4996,
    0.5072,
    0.5072,
    0.5072,
    0.5072,
    0.5072,
    0.516,
    0.5072
  ]
}