{
  "thresholds": 0.01,
  "features": [
    20,
    30,
    40,
    54
  ],
  "times": [
    5.761384963989258,
    6.390914440155029,
    7.522404909133911,
    10.365980386734009
  ],
  "primal_loss": [
    520.396113084168,
    460.9113581311495,
    441.8943270178289,
    417.77764221930323
  ],
  "dual_loss": [
    -520.3886522913298,
    -460.9014552052898,
    -441.8909066916721,
    -417.77020210003644
  ],
  "train_accuracy": [
    0.6250769230769231,
    0.7432307692307693,
    0.7052307692307692,
    0.686923076923077
  ],
  "test_accuracy": [
    0.6264615384615385,
    0.7452307692307693,
    0.7058461538461539,
    0.6972307692307692
  ],
  "dimension": 6500
}