{
  "dimension": [
    1000,
    2000,
    3000,
    4000,
    5000,
    6000
  ],
  "thresholds": [
    0.1,
    0.01,
    0.001,
    0.0001
  ],
  "times": [
    0.6381604671478271,
    1.1306049823760986,
    2.04890775680542,
    3.4134116172790527
  ],
  "primal_loss": [
    986.8851309821422,
    986.2091991996127,
    986.160276050468,
    986.1533740555022
  ],
  "dual_loss": [
    -985.5969268275411,
    -986.1458723153921,
    -986.1524916043264,
    -986.1526401858704
  ],
  "train_accuracy": [
    0.7025,
    0.7025,
    0.703125,
    0.70375
  ],
  "test_accuracy": [
    0.715,
    0.71,
    0.71,
    0.71
  ]
}