{
  "dimension": [
    1000,
    2000,
    3000,
    4000,
    5000,
    6000
  ],
  "thresholds": [
    0.1,
    0.01,
    0.001,
    0.0001
  ],
  "times": [
    0.18224000930786133,
    0.36749720573425293,
    0.9461154937744141,
    1.3664422035217285
  ],
  "primal_loss": [
    515.4257632121025,
    514.9052226459049,
    514.8563207289648,
    514.8522731586156
  ],
  "dual_loss": [
    -514.4216874439413,
    -514.8453883560874,
    -514.8516170777519,
    -514.8518649346229
  ],
  "train_accuracy": [
    0.71375,
    0.7125,
    0.7125,
    0.7125
  ],
  "test_accuracy": [
    0.775,
    0.77,
    0.775,
    0.775
  ]
}