{
  "dimension": 10000,
  "times": [
    0.5009491443634033,
    1.0001749992370605,
    1.5007450580596924,
    2.000335454940796,
    2.502174139022827,
    3.000570297241211,
    3.5001893043518066,
    4.001275300979614,
    4.500292778015137,
    5.000601053237915,
    5.500310897827148,
    6.000925540924072,
    6.500340938568115,
    7.000070333480835,
    7.5003814697265625,
    8.001275300979614,
    8.500104427337646,
    9.000176191329956,
    9.50037670135498,
    10.000157594680786
  ],
  "primal_loss": [],
  "dual_loss": [],
  "train_accuracy": [
    0.5199,
    0.4993,
    0.5007,
    0.603,
    0.5161,
    0.4999,
    0.5076,
    0.5017,
    0.5007,
    0.5197,
    0.7207,
    0.7346,
    0.759,
    0.7607,
    0.768,
    0.7742,
    0.7705,
    0.7717,
    0.7724,
    0.7725
  ],
  "test_accuracy": [
    0.5388,
    0.5152,
    0.4848,
    0.582,
    0.4924,
    0.4876,
    0.4908,
    0.4848,
    0.4848,
    0.5064,
    0.7208,
    0.7212,
    0.7436,
    0.7528,
    0.7604,
    0.7588,
    0.7552,
    0.7584,
    0.7608,
    0.7592
  ]
}