{
  "dimension": [
    1000,
    2000,
    3000,
    4000,
    5000,
    6000
  ],
  "thresholds": [
    0.1,
    0.01,
    0.001,
    0.0001
  ],
  "times": [
    0.4247250556945801,
    0.4670882225036621,
    0.6027133464813232,
    0.854738712310791
  ],
  "primal_loss": [
    107.80982150243808,
    107.41867088108326,
    107.41596972584377,
    107.4156582272184
  ],
  "dual_loss": [
    -107.30711135434319,
    -107.41324896029703,
    -107.41559200125462,
    -107.4156318772295
  ],
  "train_accuracy": [
    0.700625,
    0.701875,
    0.701875,
    0.701875
  ],
  "test_accuracy": [
    0.7225,
    0.7175,
    0.7175,
    0.7175
  ]
}