{
  "thresholds": 0.01,
  "features": [
    19,
    24,
    29,
    34,
    39,
    44,
    49,
    54
  ],
  "times": [
    6.143830060958862,
    7.434904336929321,
    18.89022207260132,
    12.239266157150269,
    28.946054697036743,
    25.4107985496521,
    41.23546314239502,
    38.80816340446472
  ],
  "primal_loss": [
    6319.3776579471105,
    6538.579076410981,
    5049.938146570559,
    5823.992031242068,
    5029.104005529424,
    4851.811512456815,
    4949.7490859763775,
    4708.019984793416
  ],
  "dual_loss": [
    -6317.499499824299,
    -6538.48643029561,
    -5049.859503249014,
    -5819.998832229894,
    -5029.0197224462345,
    -4851.746996343708,
    -4949.567981357671,
    -4707.908851974959
  ],
  "train_accuracy": [
    0.612875,
    0.603,
    0.752625,
    0.644875,
    0.748375,
    0.754125,
    0.732125,
    0.76175
  ],
  "test_accuracy": [
    0.618,
    0.62,
    0.7335,
    0.65,
    0.7565,
    0.773,
    0.724,
    0.746
  ],
  "dimension": 8000
}