{
  "dimension": [
    1000,
    2000,
    3000,
    4000,
    5000,
    6000
  ],
  "thresholds": [
    0.1,
    0.01,
    0.001,
    0.0001
  ],
  "times": [
    1.8619475364685059,
    2.3882932662963867,
    3.183072090148926,
    4.170058012008667
  ],
  "primal_loss": [
    217.58704750330008,
    216.98148344820476,
    216.97490923443917,
    216.97457210837564
  ],
  "dual_loss": [
    -216.80299050692483,
    -216.9716701994315,
    -216.97446112640375,
    -216.9745518135061
  ],
  "train_accuracy": [
    0.6803125,
    0.680625,
    0.680625,
    0.680625
  ],
  "test_accuracy": [
    0.6925,
    0.6925,
    0.6925,
    0.6925
  ]
}