{
  "dimension": [
    1000,
    2000,
    3000,
    4000,
    5000,
    6000
  ],
  "thresholds": [
    0.1,
    0.01,
    0.001,
    0.0001
  ],
  "times": [
    0.8896369934082031,
    1.0935149192810059,
    1.4880366325378418,
    2.887143611907959
  ],
  "primal_loss": [
    985.9002329637757,
    985.5341918692178,
    985.4847203007473,
    985.4812257212743
  ],
  "dual_loss": [
    -985.0412268207567,
    -985.4747821351966,
    -985.4807000616923,
    -985.4808452348009
  ],
  "train_accuracy": [
    0.758125,
    0.75875,
    0.758125,
    0.758125
  ],
  "test_accuracy": [
    0.7425,
    0.745,
    0.745,
    0.745
  ]
}