{
  "dimension": [
    500,
    1000,
    1500,
    2000
  ],
  "thresholds": [
    1.0,
    0.25,
    0.1111111111111111,
    0.0625,
    0.04,
    0.027777777777777776,
    0.02040816326530612,
    0.015625,
    0.012345679012345678,
    0.01
  ],
  "times": [
    0.5020749568939209,
    0.5237622261047363,
    0.5287728309631348,
    0.5397078990936279,
    0.5634763240814209,
    0.577894926071167,
    0.5964202880859375,
    0.6169435977935791,
    0.6141624450683594,
    0.625647783279419
  ],
  "primal_loss": [
    146.53071816472658,
    134.5490452010137,
    133.09224712045213,
    132.92694993324866,
    132.92913259348376,
    132.9041362054489,
    132.89293615908963,
    132.88516701807032,
    132.88368279779837,
    132.88227371805309
  ],
  "dual_loss": [
    -130.2534971167709,
    -132.48771631115196,
    -132.7573862602873,
    -132.8327246459209,
    -132.8550145568272,
    -132.86712961660317,
    -132.87092614819963,
    -132.87507419045616,
    -132.87512415778045,
    -132.87713521772497
  ],
  "train_accuracy": [
    0.7025,
    0.6985,
    0.696,
    0.694,
    0.6945,
    0.694,
    0.6945,
    0.694,
    0.694,
    0.694
  ],
  "test_accuracy": [
    0.678,
    0.714,
    0.71,
    0.704,
    0.706,
    0.71,
    0.708,
    0.708,
    0.708,
    0.708
  ]
}