{
  "dimension": [
    500,
    1000,
    1500,
    2000,
    2500,
    3000,
    3500,
    4000,
    4500,
    5000,
    5500,
    6000,
    6500,
    7000,
    7500,
    8000,
    8500,
    9000,
    9500
  ],
  "thresholds": [
    1.0,
    0.25,
    0.1111111111111111,
    0.0625,
    0.04,
    0.027777777777777776,
    0.02040816326530612,
    0.015625,
    0.012345679012345678,
    0.01
  ],
  "times": [
    13.73878812789917,
    14.915863990783691,
    15.95899748802185,
    16.61030888557434,
    17.33316922187805,
    17.933099031448364,
    18.304662704467773,
    18.67505168914795,
    18.97466278076172,
    19.186859369277954
  ],
  "primal_loss": [
    659.548322996861,
    592.1660841329499,
    588.6014905302877,
    587.8532658836874,
    587.8976164880386,
    587.7753143942567,
    587.7815245087105,
    587.7562881422843,
    587.7589225834914,
    587.7486866414006
  ],
  "dual_loss": [
    -574.4041578503295,
    -585.9163806417174,
    -587.3344073095923,
    -587.5808630138946,
    -587.6671183349816,
    -587.7102192565786,
    -587.7227224384667,
    -587.7291213233981,
    -587.7318370794496,
    -587.7333594927709
  ],
  "train_accuracy": [
    0.7448421052631579,
    0.7022105263157895,
    0.6965263157894737,
    0.6949473684210526,
    0.6946315789473684,
    0.6947368421052632,
    0.6947368421052632,
    0.6947368421052632,
    0.6948421052631579,
    0.6947368421052632
  ],
  "test_accuracy": [
    0.7343157894736843,
    0.6871578947368421,
    0.6825263157894736,
    0.6804210526315789,
    0.6804210526315789,
    0.6812631578947368,
    0.6812631578947368,
    0.6812631578947368,
    0.6804210526315789,
    0.6804210526315789
  ]
}