{
  "dimension": [
    1000,
    2000,
    3000,
    4000,
    5000,
    6000
  ],
  "thresholds": [
    0.1,
    0.01,
    0.001,
    0.0001
  ],
  "times": [
    6.13454532623291,
    7.792634963989258,
    12.059017896652222,
    26.65420365333557
  ],
  "primal_loss": [
    2404.133584945437,
    2402.5676084545294,
    2402.5432736949047,
    2402.536662568867
  ],
  "dual_loss": [
    -2401.6898286268856,
    -2402.5219955275047,
    -2402.5357898625425,
    -2402.5362825764428
  ],
  "train_accuracy": [
    0.755,
    0.7595,
    0.7595,
    0.7595
  ],
  "test_accuracy": [
    0.768,
    0.772,
    0.771,
    0.77
  ]
}