{
  "dimension": [
    1000,
    2000,
    3000,
    4000,
    5000,
    6000
  ],
  "thresholds": [
    0.1,
    0.01,
    0.001,
    0.0001
  ],
  "times": [
    3.1871583461761475,
    4.173302888870239,
    5.212483882904053,
    26.210192680358887
  ],
  "primal_loss": [
    1987.8463407969641,
    1986.4368035349935,
    1986.3928744386287,
    1986.387495295089
  ],
  "dual_loss": [
    -1985.565425623848,
    -1986.379801297339,
    -1986.38651036089,
    -1986.3870526412531
  ],
  "train_accuracy": [
    0.7471875,
    0.7475,
    0.7475,
    0.7475
  ],
  "test_accuracy": [
    0.76125,
    0.77,
    0.77,
    0.76875
  ]
}