{
  "dimension": 12000,
  "times": [
    0.5001401901245117,
    1.0005881786346436,
    1.500943899154663,
    2.0000550746917725,
    2.501429557800293,
    3.0000271797180176,
    3.500884532928467,
    4.0005810260772705,
    4.500089883804321,
    5.00030779838562,
    5.50054144859314,
    6.001036167144775,
    6.5007548332214355,
    7.000399827957153,
    7.500014066696167,
    8.001478910446167,
    8.500106811523438,
    9.001046657562256,
    9.50038743019104,
    10.0001699924469
  ],
  "primal_loss": [],
  "dual_loss": [],
  "train_accuracy": [
    0.5126666666666667,
    0.5126666666666667,
    0.5126666666666667,
    0.5126666666666667,
    0.5126666666666667,
    0.5141666666666667,
    0.5130833333333333,
    0.5129166666666667,
    0.5433333333333333,
    0.5140833333333333,
    0.545,
    0.5934166666666667,
    0.515,
    0.5263333333333333,
    0.56375,
    0.5734166666666667,
    0.6750833333333334,
    0.72125,
    0.72275,
    0.762
  ],
  "test_accuracy": [
    0.5136666666666667,
    0.5136666666666667,
    0.5136666666666667,
    0.5136666666666667,
    0.5136666666666667,
    0.5146666666666667,
    0.5143333333333333,
    0.5143333333333333,
    0.5486666666666666,
    0.5146666666666667,
    0.5383333333333333,
    0.5916666666666667,
    0.5153333333333333,
    0.5276666666666666,
    0.5553333333333333,
    0.5636666666666666,
    0.6736666666666666,
    0.7223333333333334,
    0.7206666666666667,
    0.7646666666666667
  ]
}