{
  "dimensions": [
    100,
    200,
    300,
    400,
    500
  ],
  "thresholds": 0.0001,
  "times": [
    0.02773914337158203,
    0.1671530246734619,
    0.05033402442932129,
    0.050800228118896486,
    0.4189558982849121
  ],
  "loss": [
    22.467934433960032,
    31.610305244484692,
    75.25801974154871,
    68.58534020784971,
    155.78245753844868
  ]
}