{
  "dimension": [
    500,
    1000,
    1500,
    2000,
    2500,
    3000,
    3500,
    4000
  ],
  "thresholds": [
    1.0,
    0.25,
    0.1111111111111111,
    0.0625,
    0.04,
    0.027777777777777776,
    0.02040816326530612,
    0.015625,
    0.012345679012345678,
    0.01
  ],
  "times": [
    3.5554001331329346,
    4.9483418464660645,
    5.528760671615601,
    6.34280800819397,
    6.832014799118042,
    6.997487545013428,
    7.314847230911255,
    7.277801513671875,
    7.4271321296691895,
    7.719330787658691
  ],
  "primal_loss": [
    2453.1437039687726,
    2406.1629727044283,
    2401.4230766669016,
    2401.2874650567537,
    2400.855863638655,
    2400.8878919896138,
    2400.666660085488,
    2400.659851273708,
    2400.700199774963,
    2400.618067810641
  ],
  "dual_loss": [
    -2298.2150173798855,
    -2395.176759551009,
    -2399.3014965342486,
    -2400.2844513601494,
    -2400.480968592531,
    -2400.516397114789,
    -2400.5430405728425,
    -2400.5440990003844,
    -2400.5454902327187,
    -2400.55249545839
  ],
  "train_accuracy": [
    0.75525,
    0.76475,
    0.76125,
    0.762,
    0.7605,
    0.76075,
    0.76175,
    0.7615,
    0.7615,
    0.76075
  ],
  "test_accuracy": [
    0.777,
    0.779,
    0.784,
    0.779,
    0.78,
    0.779,
    0.781,
    0.779,
    0.779,
    0.78
  ]
}