{
  "dimension": 20000,
  "times": [
    1.0008304119110107,
    2.000924825668335,
    3.0018744468688965,
    4.001451253890991,
    5.000581979751587,
    6.002484083175659,
    7.000981569290161,
    8.000386714935303,
    9.00167441368103,
    10.002837181091309
  ],
  "primal_loss": [],
  "dual_loss": [],
  "train_accuracy": [
    0.48685,
    0.48685,
    0.48685,
    0.462,
    0.547,
    0.51315,
    0.48685,
    0.5276,
    0.51315,
    0.51315
  ],
  "test_accuracy": [
    0.4828,
    0.4828,
    0.4828,
    0.4606,
    0.5374,
    0.5172,
    0.4828,
    0.5314,
    0.5172,
    0.5172
  ]
}