{
  "dimension": [
    1000,
    2000,
    3000,
    4000,
    5000,
    6000
  ],
  "thresholds": [
    0.1,
    0.01,
    0.001,
    0.0001
  ],
  "times": [
    0.863389253616333,
    0.9513983726501465,
    1.3147962093353271,
    1.4819684028625488
  ],
  "primal_loss": [
    163.66636901031688,
    163.32203927054275,
    163.31699168617888,
    163.31636810252581
  ],
  "dual_loss": [
    -163.17421690802072,
    -163.3122078756177,
    -163.31632832215868,
    -163.31633302137655
  ],
  "train_accuracy": [
    0.6825,
    0.6820833333333334,
    0.6820833333333334,
    0.6820833333333334
  ],
  "test_accuracy": [
    0.6916666666666667,
    0.6916666666666667,
    0.6916666666666667,
    0.6916666666666667
  ]
}