{
  "thresholds": 0.01,
  "features": [
    20,
    30,
    40,
    54
  ],
  "times": [
    13.991326332092285,
    15.133922100067139,
    17.489229679107666,
    22.097180604934692
  ],
  "primal_loss": [
    781.4757057451304,
    676.3091586881679,
    671.4315160194808,
    622.6309692544603
  ],
  "dual_loss": [
    -781.4599144340494,
    -676.3017159931094,
    -671.4253104211587,
    -622.620628372704
  ],
  "train_accuracy": [
    0.705,
    0.7543,
    0.7487,
    0.7202
  ],
  "test_accuracy": [
    0.6892,
    0.7564,
    0.7472,
    0.7176
  ],
  "dimension": 10000
}