{
  "dimension": [
    1000,
    2000,
    3000,
    4000,
    5000,
    6000
  ],
  "thresholds": [
    0.1,
    0.01,
    0.001,
    0.0001
  ],
  "times": [
    0.9323289394378662,
    1.4245691299438477,
    1.756382703781128,
    2.333326816558838
  ],
  "primal_loss": [
    154.2958042835863,
    154.02299690394162,
    154.01251466569838,
    154.01185879421473
  ],
  "dual_loss": [
    -153.84492414122073,
    -154.00930361047324,
    -154.01172103851476,
    -154.01180558827255
  ],
  "train_accuracy": [
    0.7054166666666667,
    0.7045833333333333,
    0.7045833333333333,
    0.7045833333333333
  ],
  "test_accuracy": [
    0.7116666666666667,
    0.7116666666666667,
    0.7116666666666667,
    0.7116666666666667
  ]
}