{
  "dimension": [
    1000,
    2000,
    3000,
    4000,
    5000,
    6000
  ],
  "thresholds": [
    0.1,
    0.01,
    0.001,
    0.0001
  ],
  "times": [
    0.02679896354675293,
    0.030211925506591797,
    0.03355669975280762,
    0.02809286117553711
  ],
  "primal_loss": [
    2400.0,
    2400.0,
    2400.0,
    2400.0
  ],
  "dual_loss": [
    0.0,
    0.0,
    0.0,
    0.0
  ],
  "train_accuracy": [
    0.0,
    0.0,
    0.0,
    0.0
  ],
  "test_accuracy": [
    0.0,
    0.0,
    0.0,
    0.0
  ]
}