{
  "dimension": [
    1000,
    2000,
    3000,
    4000,
    5000,
    6000
  ],
  "thresholds": [
    0.1,
    0.01,
    0.001,
    0.0001
  ],
  "times": [
    3.17816424369812,
    4.801178693771362,
    7.731417894363403,
    14.02490234375
  ],
  "primal_loss": [
    1973.1148394953238,
    1970.154351987899,
    1970.0895472165635,
    1970.0859383588963
  ],
  "dual_loss": [
    -1969.1385403803872,
    -1970.0797717787605,
    -1970.0846354157402,
    -1970.08530905532
  ],
  "train_accuracy": [
    0.7365625,
    0.7309375,
    0.73,
    0.7303125
  ],
  "test_accuracy": [
    0.76,
    0.7475,
    0.745,
    0.745
  ]
}