{
  "dimension": [
    500,
    1000,
    1500,
    2000,
    2500,
    3000,
    3500,
    4000,
    4500,
    5000,
    5500,
    6000,
    6500,
    7000,
    7500
  ],
  "thresholds": [
    1.0,
    0.25,
    0.1111111111111111,
    0.0625,
    0.04,
    0.027777777777777776,
    0.02040816326530612,
    0.015625,
    0.012345679012345678,
    0.01
  ],
  "times": [
    8.828487157821655,
    9.684020042419434,
    10.392518997192383,
    10.856858253479004,
    11.33188271522522,
    11.601646900177002,
    12.047805786132812,
    12.410792112350464,
    12.550060272216797,
    12.718327045440674
  ],
  "primal_loss": [
    511.45417546100117,
    486.51030005185817,
    482.71137575749094,
    482.4695439989005,
    482.30490499904334,
    482.08153834167456,
    482.0832924840213,
    482.06033633944514,
    482.0567231239087,
    482.0602599019294
  ],
  "dual_loss": [
    -468.86161944962214,
    -480.40595200740137,
    -481.64432069615583,
    -481.90132684156515,
    -481.99468346492665,
    -482.0145277548911,
    -482.03340316207004,
    -482.04063105243796,
    -482.04419631977953,
    -482.04559880950444
  ],
  "train_accuracy": [
    0.7065333333333333,
    0.6877333333333333,
    0.6848,
    0.6845333333333333,
    0.6845333333333333,
    0.6846666666666666,
    0.6845333333333333,
    0.6846666666666666,
    0.6846666666666666,
    0.6845333333333333
  ],
  "test_accuracy": [
    0.7205333333333334,
    0.6997333333333333,
    0.6976,
    0.6976,
    0.6976,
    0.6976,
    0.6976,
    0.6976,
    0.6976,
    0.6976
  ]
}