{
  "dimension": [
    1000,
    2000,
    3000,
    4000,
    5000,
    6000
  ],
  "thresholds": [
    0.1,
    0.01,
    0.001,
    0.0001
  ],
  "times": [
    0.4140505790710449,
    0.43082356452941895,
    0.48845577239990234,
    0.7520990371704102
  ],
  "primal_loss": [
    110.85075329058886,
    110.68110704068825,
    110.67717543743088,
    110.67702724299413
  ],
  "dual_loss": [
    -110.61935549367324,
    -110.67639835689488,
    -110.67698503687595,
    -110.67699311365588
  ],
  "train_accuracy": [
    0.69,
    0.69125,
    0.69125,
    0.69125
  ],
  "test_accuracy": [
    0.7225,
    0.7175,
    0.7175,
    0.7175
  ]
}