{
  "dimension": [
    500
  ],
  "thresholds": [
    1.0,
    0.25,
    0.1111111111111111,
    0.0625,
    0.04,
    0.027777777777777776,
    0.02040816326530612,
    0.015625,
    0.012345679012345678,
    0.01
  ],
  "times": [
    0.0612795352935791,
    0.0840141773223877,
    0.1118783950805664,
    0.12755250930786133,
    0.16626906394958496,
    0.1668555736541748,
    0.18686389923095703,
    0.18394899368286133,
    0.18156671524047852,
    0.1769707202911377
  ],
  "primal_loss": [
    322.6148526634613,
    303.4829666172853,
    298.0229941355043,
    298.3190834748998,
    297.6178416303229,
    297.5669218461067,
    297.4599245905647,
    297.38886567982144,
    297.3868016987599,
    297.40352421911166
  ],
  "dual_loss": [
    -291.73531871574914,
    -295.9385609188093,
    -297.11927790681796,
    -297.2212348865743,
    -297.3016938895114,
    -297.32381596005354,
    -297.3363665526297,
    -297.3369793741041,
    -297.3375065576137,
    -297.33789166629083
  ],
  "train_accuracy": [
    0.74,
    0.718,
    0.714,
    0.712,
    0.712,
    0.714,
    0.714,
    0.714,
    0.714,
    0.714
  ],
  "test_accuracy": [
    0.624,
    0.608,
    0.6,
    0.6,
    0.6,
    0.6,
    0.6,
    0.6,
    0.6,
    0.6
  ]
}