{
  "dimension": 3185,
  "thresholds": [
    0.1,
    0.01,
    0.001,
    0.0001
  ],
  "times": [
    15.026277780532837,
    27.555265426635742,
    50.62492084503174,
    100.95423555374146
  ],
  "primal_loss": [
    1106.3856738506588,
    1104.9361754941206,
    1104.8415311505198,
    1104.8324714525475
  ],
  "dual_loss": [
    -1104.3401298416943,
    -1104.8206221716184,
    -1104.831121060871,
    -1104.8312894325215
  ],
  "train_accuracy": [
    0.8502354788069074,
    0.8492935635792779,
    0.8505494505494505,
    0.8505494505494505
  ]
}