{
  "dimension": [
    500,
    1000,
    1500,
    2000,
    2500,
    3000
  ],
  "thresholds": [
    1.0,
    0.25,
    0.1111111111111111,
    0.0625,
    0.04,
    0.027777777777777776,
    0.02040816326530612,
    0.015625,
    0.012345679012345678,
    0.01
  ],
  "times": [
    1.8075945377349854,
    2.5798416137695312,
    2.812087297439575,
    3.2979769706726074,
    3.442502737045288,
    3.4971232414245605,
    3.9479451179504395,
    4.054311513900757,
    4.577725172042847,
    4.695254802703857
  ],
  "primal_loss": [
    1870.6011849120753,
    1839.751654012025,
    1838.2596751504568,
    1835.342082970794,
    1835.2566402958553,
    1835.1247201061556,
    1834.9796583964228,
    1834.9630931617028,
    1834.957402418941,
    1834.9423294447672
  ],
  "dual_loss": [
    -1766.132407944068,
    -1830.9115566408293,
    -1833.7822861329919,
    -1834.6608385928573,
    -1834.7544499926948,
    -1834.7791434162975,
    -1834.8536785390554,
    -1834.8678450431764,
    -1834.8717263641513,
    -1834.8914643338678
  ],
  "train_accuracy": [
    0.7473333333333333,
    0.756,
    0.7543333333333333,
    0.7556666666666667,
    0.7586666666666667,
    0.758,
    0.757,
    0.7563333333333333,
    0.758,
    0.7566666666666667
  ],
  "test_accuracy": [
    0.7266666666666667,
    0.7266666666666667,
    0.7333333333333333,
    0.7333333333333333,
    0.7346666666666667,
    0.736,
    0.7346666666666667,
    0.7346666666666667,
    0.7346666666666667,
    0.7346666666666667
  ]
}