{
  "dimension": [
    1000,
    2000,
    3000,
    4000,
    5000,
    6000
  ],
  "thresholds": [
    0.1,
    0.01,
    0.001,
    0.0001
  ],
  "times": [
    0.21912813186645508,
    0.511329174041748,
    1.2189371585845947,
    5.06266450881958
  ],
  "primal_loss": [
    443.5086342828083,
    441.95596122881415,
    441.90931430164756,
    441.90526449209585
  ],
  "dual_loss": [
    -441.4238436452678,
    -441.88962474006,
    -441.9039697620635,
    -441.90437805821574
  ],
  "train_accuracy": [
    0.73125,
    0.7325,
    0.7325,
    0.7325
  ],
  "test_accuracy": [
    0.725,
    0.72,
    0.72,
    0.72
  ]
}