{
  "dimension": [
    500,
    1000,
    1500,
    2000,
    2500,
    3000,
    3500,
    4000,
    4500,
    5000,
    5500,
    6000,
    6500,
    7000,
    7500
  ],
  "thresholds": [
    1.0,
    0.25,
    0.1111111111111111,
    0.0625,
    0.04,
    0.027777777777777776,
    0.02040816326530612,
    0.015625,
    0.012345679012345678,
    0.01
  ],
  "times": [
    14.760844230651855,
    21.100568294525146,
    25.077030897140503,
    27.70360565185547,
    29.1902973651886,
    31.131484746932983,
    32.77190709114075,
    33.367507219314575,
    35.07785892486572,
    36.15885329246521
  ],
  "primal_loss": [
    4609.519357646047,
    4493.50189713395,
    4480.622628732637,
    4478.895083963263,
    4478.59148267041,
    4478.336382432535,
    4478.431055538933,
    4478.248609979341,
    4478.222044921595,
    4478.3813187569485
  ],
  "dual_loss": [
    -4282.919866192138,
    -4465.569634433281,
    -4475.921456654672,
    -4477.460610709661,
    -4477.841361202951,
    -4478.0144595192405,
    -4478.083440708059,
    -4478.101251401839,
    -4478.132392711971,
    -4478.144100764646
  ],
  "train_accuracy": [
    0.7561333333333333,
    0.7593333333333333,
    0.7593333333333333,
    0.7589333333333333,
    0.7586666666666667,
    0.7593333333333333,
    0.7598666666666667,
    0.7593333333333333,
    0.7594666666666666,
    0.7597333333333334
  ],
  "test_accuracy": [
    0.7632,
    0.7541333333333333,
    0.7578666666666667,
    0.7589333333333333,
    0.7573333333333333,
    0.7578666666666667,
    0.7578666666666667,
    0.7578666666666667,
    0.7573333333333333,
    0.7578666666666667
  ]
}