{
  "thresholds": 0.001,
  "features": [
    20,
    30,
    40,
    54
  ],
  "times": [
    0.8491377830505371,
    0.8847324848175049,
    1.1346094608306885,
    1.5547730922698975
  ],
  "primal_loss": [
    207.91619982031452,
    177.93428272095292,
    165.76645551164722,
    154.84918458413892
  ],
  "dual_loss": [
    -207.91592957070498,
    -177.92498413738542,
    -165.76598570977404,
    -154.848730964273
  ],
  "train_accuracy": [
    0.5754166666666667,
    0.6479166666666667,
    0.6941666666666667,
    0.7091666666666666
  ],
  "test_accuracy": [
    0.5466666666666666,
    0.6783333333333333,
    0.6833333333333333,
    0.695
  ],
  "dimension": 3000
}