{
  "dimension": [
    500,
    1000,
    1500,
    2000,
    2500,
    3000,
    3500,
    4000,
    4500,
    5000,
    5500,
    6000,
    6500,
    7000,
    7500,
    8000,
    8500,
    9000
  ],
  "thresholds": [
    1.0,
    0.25,
    0.1111111111111111,
    0.0625,
    0.04,
    0.027777777777777776,
    0.02040816326530612,
    0.015625,
    0.012345679012345678,
    0.01
  ],
  "times": [
    21.04236388206482,
    30.551151752471924,
    35.53240418434143,
    37.73844575881958,
    40.63765597343445,
    45.00631332397461,
    44.57312607765198,
    48.35415530204773,
    49.83150362968445,
    52.07914423942566
  ],
  "primal_loss": [
    5883.031318569632,
    5418.359636376302,
    5407.634757487029,
    5407.881553080335,
    5406.393184537982,
    5406.001796377993,
    5405.966475175952,
    5405.978676179121,
    5405.952637013104,
    5405.940948644003
  ],
  "dual_loss": [
    -5163.260565391362,
    -5393.993216622565,
    -5403.717805719903,
    -5404.994491287729,
    -5405.510548513632,
    -5405.6977383518715,
    -5405.745709017437,
    -5405.828530420838,
    -5405.843478896077,
    -5405.865151016367
  ],
  "train_accuracy": [
    0.7205555555555555,
    0.7533333333333333,
    0.7574444444444445,
    0.7575555555555555,
    0.7563333333333333,
    0.7562222222222222,
    0.7562222222222222,
    0.7563333333333333,
    0.7562222222222222,
    0.756
  ],
  "test_accuracy": [
    0.7288888888888889,
    0.7657777777777778,
    0.7711111111111111,
    0.7702222222222223,
    0.7697777777777778,
    0.7688888888888888,
    0.7693333333333333,
    0.7684444444444445,
    0.7688888888888888,
    0.7688888888888888
  ]
}