{
  "dimension": [
    500,
    1000,
    1500,
    2000,
    2500,
    3000,
    3500,
    4000,
    4500,
    5000
  ],
  "thresholds": [
    1.0,
    0.25,
    0.1111111111111111,
    0.0625,
    0.04,
    0.027777777777777776,
    0.02040816326530612,
    0.015625,
    0.012345679012345678,
    0.01
  ],
  "times": [
    6.036540508270264,
    8.50745701789856,
    10.08525276184082,
    10.854405403137207,
    11.57721757888794,
    12.40726113319397,
    12.668805122375488,
    13.819998979568481,
    14.06724214553833,
    14.18140172958374
  ],
  "primal_loss": [
    3123.385324424189,
    2901.289569214996,
    2900.5167142451387,
    2899.850964521896,
    2899.3037229941597,
    2899.1932225210253,
    2899.018126052971,
    2898.875055017942,
    2898.868843967106,
    2898.8419607051133
  ],
  "dual_loss": [
    -2770.4156340805694,
    -2892.666888802269,
    -2897.6283647296887,
    -2898.3481156744288,
    -2898.5665505768065,
    -2898.6791952580056,
    -2898.692654382462,
    -2898.7384635701424,
    -2898.7455362446144,
    -2898.7468295495355
  ],
  "train_accuracy": [
    0.7532,
    0.7584,
    0.7562,
    0.7546,
    0.7556,
    0.7552,
    0.7556,
    0.7556,
    0.7558,
    0.756
  ],
  "test_accuracy": [
    0.7664,
    0.7568,
    0.76,
    0.7576,
    0.7568,
    0.7552,
    0.756,
    0.7552,
    0.756,
    0.7552
  ]
}