{
  "dimensions": 300,
  "thresholds": 0.0001,
  "features": [
    100,
    200,
    300,
    400,
    500
  ],
  "times": [
    17.98508491516113,
    10.06656436920166,
    2.0492854595184324,
    2.6346740245819094,
    2.6325315952301027
  ],
  "loss": [
    815.9791286075191,
    188.8487897131367,
    19.32256920960089,
    10.321711513767134,
    7.503622267962209
  ]
}