{
  "dimension": [
    500
  ],
  "thresholds": [
    1.0,
    0.25,
    0.1111111111111111,
    0.0625,
    0.04,
    0.027777777777777776,
    0.02040816326530612,
    0.015625,
    0.012345679012345678,
    0.01
  ],
  "times": [
    0.04313993453979492,
    0.0477902889251709,
    0.05032491683959961,
    0.06016993522644043,
    0.05889320373535156,
    0.06421184539794922,
    0.06446003913879395,
    0.06019759178161621,
    0.06395149230957031,
    0.06788134574890137
  ],
  "primal_loss": [
    42.464808806292496,
    38.32648450743941,
    38.027264424299965,
    38.01570976211503,
    38.01495576303518,
    37.99530008710487,
    37.990684408679805,
    37.990684408679805,
    37.985308539568436,
    37.985308539568436
  ],
  "dual_loss": [
    -37.2296069334449,
    -37.891742459391835,
    -37.943709702507704,
    -37.97221119152371,
    -37.97790809265884,
    -37.98205651594677,
    -37.9826262291309,
    -37.9826262291309,
    -37.98335031897913,
    -37.98335031897913
  ],
  "train_accuracy": [
    0.656,
    0.716,
    0.722,
    0.702,
    0.722,
    0.718,
    0.718,
    0.718,
    0.72,
    0.72
  ],
  "test_accuracy": [
    0.64,
    0.632,
    0.624,
    0.632,
    0.632,
    0.624,
    0.624,
    0.624,
    0.616,
    0.616
  ]
}