{
  "dimension": [
    500,
    1000,
    1500,
    2000,
    2500,
    3000,
    3500
  ],
  "thresholds": [
    1.0,
    0.25,
    0.1111111111111111,
    0.0625,
    0.04,
    0.027777777777777776,
    0.02040816326530612,
    0.015625,
    0.012345679012345678,
    0.01
  ],
  "times": [
    1.7814536094665527,
    1.9216980934143066,
    2.1541895866394043,
    2.192730665206909,
    2.24161434173584,
    2.274243116378784,
    2.416555404663086,
    2.5007846355438232,
    2.581594228744507,
    2.6681652069091797
  ],
  "primal_loss": [
    246.82415915115084,
    226.24651183313176,
    224.84655589908598,
    224.34998451648826,
    224.20953467364825,
    224.13610196279402,
    224.12650455950475,
    224.13938171128737,
    224.13985922467936,
    224.12569770097747
  ],
  "dual_loss": [
    -219.9047668208534,
    -223.31314721479873,
    -223.9493423779046,
    -224.0280198132799,
    -224.0715989737459,
    -224.08586831227788,
    -224.10059036947686,
    -224.10669473804842,
    -224.1103328407478,
    -224.11101890244413
  ],
  "train_accuracy": [
    0.7071428571428572,
    0.696,
    0.696,
    0.696,
    0.696,
    0.6962857142857143,
    0.6962857142857143,
    0.696,
    0.696,
    0.696
  ],
  "test_accuracy": [
    0.7142857142857143,
    0.6982857142857143,
    0.6982857142857143,
    0.6994285714285714,
    0.7005714285714286,
    0.7005714285714286,
    0.7005714285714286,
    0.7005714285714286,
    0.7005714285714286,
    0.7005714285714286
  ]
}