{
  "dimension": [
    1000,
    2000,
    3000,
    4000,
    5000,
    6000
  ],
  "thresholds": [
    0.1,
    0.01,
    0.001,
    0.0001
  ],
  "times": [
    0.026031494140625,
    0.025019168853759766,
    0.027345657348632812,
    0.029370546340942383
  ],
  "primal_loss": [
    2400.0,
    2400.0,
    2400.0,
    2400.0
  ],
  "dual_loss": [
    0.0,
    0.0,
    0.0,
    0.0
  ],
  "train_accuracy": [
    0.0,
    0.0,
    0.0,
    0.0
  ],
  "test_accuracy": [
    0.0,
    0.0,
    0.0,
    0.0
  ]
}