{
  "dimension": [
    500,
    1000,
    1500
  ],
  "thresholds": [
    1.0,
    0.25,
    0.1111111111111111,
    0.0625,
    0.04,
    0.027777777777777776,
    0.02040816326530612,
    0.015625,
    0.012345679012345678,
    0.01
  ],
  "times": [
    0.3452439308166504,
    0.4611682891845703,
    0.5003058910369873,
    0.5644254684448242,
    0.6523029804229736,
    0.7659380435943604,
    0.8180932998657227,
    0.8741936683654785,
    0.9349923133850098,
    0.9484694004058838
  ],
  "primal_loss": [
    954.8807090487285,
    920.4319229339204,
    915.948160931512,
    916.2921247677575,
    915.6553796349975,
    915.5737999142655,
    915.5300056616774,
    915.5706463293825,
    915.5412292233841,
    915.566870776111
  ],
  "dual_loss": [
    -891.9196260787849,
    -913.3485128570867,
    -914.9301392792953,
    -915.2067706089445,
    -915.3825539672645,
    -915.4007329694343,
    -915.4156941002026,
    -915.437329401515,
    -915.447497401287,
    -915.4483849308493
  ],
  "train_accuracy": [
    0.762,
    0.7286666666666667,
    0.7273333333333334,
    0.7293333333333333,
    0.728,
    0.728,
    0.728,
    0.7286666666666667,
    0.7286666666666667,
    0.7286666666666667
  ],
  "test_accuracy": [
    0.7786666666666666,
    0.768,
    0.76,
    0.7626666666666667,
    0.7626666666666667,
    0.7626666666666667,
    0.7626666666666667,
    0.7626666666666667,
    0.7626666666666667,
    0.7626666666666667
  ]
}