{
  "dimension": [
    1000,
    2000,
    3000,
    4000,
    5000,
    6000
  ],
  "thresholds": [
    0.1,
    0.01,
    0.001,
    0.0001
  ],
  "times": [
    0.11111593246459961,
    0.144608736038208,
    0.1603701114654541,
    0.17278528213500977
  ],
  "primal_loss": [
    58.286620441571735,
    58.16605667548139,
    58.15931423089715,
    58.15911696257971
  ],
  "dual_loss": [
    -58.124274698313116,
    -58.15820073761776,
    -58.15908317756534,
    -58.159097700231946
  ],
  "train_accuracy": [
    0.6725,
    0.6725,
    0.6725,
    0.6725
  ],
  "test_accuracy": [
    0.705,
    0.705,
    0.705,
    0.705
  ]
}