{
  "thresholds": 0.01,
  "features": [
    20,
    30,
    40,
    54
  ],
  "times": [
    12.222320795059204,
    30.169180393218994,
    17.272023677825928,
    60.32171154022217
  ],
  "primal_loss": [
    8020.180132237688,
    6442.836218996682,
    6295.057073597639,
    5753.553040603015
  ],
  "dual_loss": [
    -8017.998691221559,
    -6442.778540441741,
    -6289.998736613972,
    -5753.488528555281
  ],
  "train_accuracy": [
    0.6013,
    0.7413,
    0.6877,
    0.7669
  ],
  "test_accuracy": [
    0.5932,
    0.7208,
    0.674,
    0.7632
  ],
  "dimension": 10000
}