{
  "dimension": 6414,
  "thresholds": [
    0.1,
    0.01,
    0.001,
    0.0001
  ],
  "times": [
    58.243645668029785,
    91.54177212715149,
    210.5334939956665,
    369.8036308288574
  ],
  "primal_loss": [
    2226.7980745516056,
    2224.8400759967462,
    2224.7254283373277,
    2224.7178917028027
  ],
  "dual_loss": [
    -2223.915914158531,
    -2224.6935633767052,
    -2224.7155463181575,
    -2224.7164768987514
  ],
  "train_accuracy": [
    0.850171499844091,
    0.8511069535391331,
    0.8503274087932647,
    0.8503274087932647
  ]
}