{
  "dimension": [
    500,
    1000
  ],
  "thresholds": [
    1.0,
    0.25,
    0.1111111111111111,
    0.0625,
    0.04,
    0.027777777777777776,
    0.02040816326530612,
    0.015625,
    0.012345679012345678,
    0.01
  ],
  "times": [
    0.16032814979553223,
    0.22469711303710938,
    0.24496769905090332,
    0.2634618282318115,
    0.28415632247924805,
    0.38159704208374023,
    0.35471177101135254,
    0.42088985443115234,
    0.4666750431060791,
    0.4474494457244873
  ],
  "primal_loss": [
    675.1345725492987,
    592.4059138092305,
    591.0665631096244,
    590.8212081147777,
    590.7284162767397,
    590.7496151297304,
    590.5643708217827,
    590.4941237463236,
    590.463703417456,
    590.4553889421832
  ],
  "dual_loss": [
    -574.2811672681366,
    -589.6073699881724,
    -590.1126780864047,
    -590.2402245120848,
    -590.3324601808155,
    -590.3806062216623,
    -590.3938100982552,
    -590.404206748016,
    -590.4051061471098,
    -590.4057772582681
  ],
  "train_accuracy": [
    0.757,
    0.732,
    0.731,
    0.729,
    0.73,
    0.73,
    0.728,
    0.728,
    0.728,
    0.728
  ],
  "test_accuracy": [
    0.716,
    0.684,
    0.676,
    0.684,
    0.68,
    0.684,
    0.684,
    0.684,
    0.684,
    0.684
  ]
}