{
  "dimension": [
    500,
    1000,
    1500,
    2000,
    2500,
    3000,
    3500,
    4000,
    4500,
    5000,
    5500,
    6000
  ],
  "thresholds": [
    1.0,
    0.25,
    0.1111111111111111,
    0.0625,
    0.04,
    0.027777777777777776,
    0.02040816326530612,
    0.015625,
    0.012345679012345678,
    0.01
  ],
  "times": [
    9.106856107711792,
    13.161679983139038,
    15.632978439331055,
    16.640673398971558,
    18.06250500679016,
    18.989416360855103,
    19.67259955406189,
    20.18711566925049,
    22.00851798057556,
    22.883180141448975
  ],
  "primal_loss": [
    3676.369061981189,
    3546.016688747437,
    3534.586546338851,
    3533.708313676448,
    3533.2583172809213,
    3533.0085846911356,
    3532.937518657751,
    3532.892732505642,
    3532.804974397337,
    3532.768731909343
  ],
  "dual_loss": [
    -3377.716760393931,
    -3525.682636552456,
    -3531.426544285008,
    -3532.149190911117,
    -3532.48726245334,
    -3532.5900220050075,
    -3532.6280356005745,
    -3532.64411498155,
    -3532.679743378125,
    -3532.6930880234227
  ],
  "train_accuracy": [
    0.7611666666666667,
    0.7593333333333333,
    0.7613333333333333,
    0.7623333333333333,
    0.7615,
    0.7626666666666667,
    0.7623333333333333,
    0.7623333333333333,
    0.7621666666666667,
    0.7618333333333334
  ],
  "test_accuracy": [
    0.762,
    0.752,
    0.758,
    0.7573333333333333,
    0.7586666666666667,
    0.7593333333333333,
    0.76,
    0.7593333333333333,
    0.76,
    0.7586666666666667
  ]
}