{
  "thresholds": 0.001,
  "features": [
    20,
    30,
    40,
    54
  ],
  "times": [
    0.7097043991088867,
    0.6559460163116455,
    2.2507734298706055,
    2.812356948852539
  ],
  "primal_loss": [
    2148.115526246657,
    1741.6184716256876,
    1456.2743783619742,
    1472.1748696582915
  ],
  "dual_loss": [
    -2148.1132019067813,
    -1741.4999942864288,
    -1456.2700174232639,
    -1472.1693432499185
  ],
  "train_accuracy": [
    0.5783333333333334,
    0.6408333333333334,
    0.7566666666666667,
    0.7558333333333334
  ],
  "test_accuracy": [
    0.5666666666666667,
    0.6516666666666666,
    0.725,
    0.7233333333333334
  ],
  "dimension": 3000
}