{
  "thresholds": 0.01,
  "features": [
    20,
    30,
    40,
    54
  ],
  "times": [
    3.068779468536377,
    3.3576972484588623,
    3.616346597671509,
    5.369504451751709
  ],
  "primal_loss": [
    401.62850669255556,
    359.06864446582,
    353.1949013308709,
    306.030470028345
  ],
  "dual_loss": [
    -401.5607650961087,
    -359.06087694374173,
    -353.0482403287655,
    -306.0152081649626
  ],
  "train_accuracy": [
    0.5870833333333333,
    0.6660416666666666,
    0.6575,
    0.69375
  ],
  "test_accuracy": [
    0.585,
    0.6841666666666667,
    0.6666666666666666,
    0.6708333333333333
  ],
  "dimension": 4800
}