{
  "dimension": [
    1000,
    2000,
    3000,
    4000,
    5000,
    6000
  ],
  "thresholds": [
    0.1,
    0.01,
    0.001,
    0.0001
  ],
  "times": [
    9.580496311187744,
    15.627009630203247,
    19.874266386032104,
    62.879780292510986
  ],
  "primal_loss": [
    2933.9081564908074,
    2932.9760920483172,
    2932.931879386294,
    2932.9290054946696
  ],
  "dual_loss": [
    -2931.688498093683,
    -2932.9218197031387,
    -2932.9272576881112,
    -2932.9284600471055
  ],
  "train_accuracy": [
    0.7516666666666667,
    0.751875,
    0.7516666666666667,
    0.7516666666666667
  ],
  "test_accuracy": [
    0.7766666666666666,
    0.7775,
    0.7775,
    0.7775
  ]
}