{
  "dimension": [
    1000,
    2000,
    3000,
    4000,
    5000,
    6000
  ],
  "thresholds": [
    0.1,
    0.01,
    0.001,
    0.0001
  ],
  "times": [
    4.13074254989624,
    5.41229248046875,
    7.578808307647705,
    10.421560764312744
  ],
  "primal_loss": [
    304.1497913008054,
    303.22902864451834,
    303.22232017778424,
    303.2218271731515
  ],
  "dual_loss": [
    -302.91414142909235,
    -303.21718045067905,
    -303.2216995827955,
    -303.22178591079427
  ],
  "train_accuracy": [
    0.6979166666666666,
    0.696875,
    0.696875,
    0.696875
  ],
  "test_accuracy": [
    0.6891666666666667,
    0.6858333333333333,
    0.6858333333333333,
    0.6858333333333333
  ]
}