{
  "thresholds": 0.001,
  "features": [
    20,
    30,
    40,
    54
  ],
  "times": [
    0.8289809226989746,
    0.8676466941833496,
    0.8084256649017334,
    1.5035793781280518
  ],
  "primal_loss": [
    193.86510564722795,
    184.59264575275418,
    194.0487033943773,
    161.25016103552292
  ],
  "dual_loss": [
    -193.86482462177628,
    -184.59177079964454,
    -194.04256736596125,
    -161.24983039043195
  ],
  "train_accuracy": [
    0.6104166666666667,
    0.6329166666666667,
    0.6354166666666666,
    0.6879166666666666
  ],
  "test_accuracy": [
    0.6066666666666667,
    0.62,
    0.64,
    0.69
  ],
  "dimension": 3000
}