{
  "dimension": [
    500,
    1000,
    1500,
    2000,
    2500,
    3000,
    3500,
    4000,
    4500,
    5000,
    5500,
    6000,
    6500
  ],
  "thresholds": [
    1.0,
    0.25,
    0.1111111111111111,
    0.0625,
    0.04,
    0.027777777777777776,
    0.02040816326530612,
    0.015625,
    0.012345679012345678,
    0.01
  ],
  "times": [
    11.136852025985718,
    15.439584493637085,
    17.99230647087097,
    19.57750368118286,
    20.430299282073975,
    22.039424896240234,
    23.412956714630127,
    23.649142026901245,
    24.473716735839844,
    24.71617865562439
  ],
  "primal_loss": [
    3922.3488499682235,
    3805.3823149591635,
    3806.447572479762,
    3804.0043978289614,
    3802.038716968102,
    3802.0411782468636,
    3802.1796453205448,
    3801.8995818778303,
    3801.874539246628,
    3801.9929283006927
  ],
  "dual_loss": [
    -3669.9597419931533,
    -3792.8712568645797,
    -3800.1774183994653,
    -3801.2675747921503,
    -3801.5309337988115,
    -3801.706280440684,
    -3801.7548130791006,
    -3801.7808274888403,
    -3801.7906966511046,
    -3801.7969595404284
  ],
  "train_accuracy": [
    0.7561538461538462,
    0.7675384615384615,
    0.7669230769230769,
    0.7678461538461538,
    0.7683076923076924,
    0.7676923076923077,
    0.7673846153846153,
    0.7673846153846153,
    0.7673846153846153,
    0.7673846153846153
  ],
  "test_accuracy": [
    0.7532307692307693,
    0.7612307692307693,
    0.7581538461538462,
    0.7636923076923077,
    0.7618461538461538,
    0.7606153846153846,
    0.7630769230769231,
    0.7618461538461538,
    0.7618461538461538,
    0.7630769230769231
  ]
}