{
  "thresholds": 0.01,
  "features": [
    20,
    30,
    40,
    54
  ],
  "times": [
    2.9173219203948975,
    2.259870767593384,
    5.995024681091309,
    13.714797258377075
  ],
  "primal_loss": [
    3685.6226484638396,
    3261.3590025157628,
    3106.052162018216,
    2787.401674811718
  ],
  "dual_loss": [
    -3685.5804637337515,
    -3257.9990696260506,
    -3105.9177276312485,
    -2787.251189679683
  ],
  "train_accuracy": [
    0.665,
    0.6627083333333333,
    0.7364583333333333,
    0.7652083333333334
  ],
  "test_accuracy": [
    0.645,
    0.6475,
    0.7316666666666667,
    0.7608333333333334
  ],
  "dimension": 4800
}