{
  "dimensions": 300,
  "thresholds": [
    0.1,
    0.01,
    0.001,
    0.0001
  ],
  "times": [
    0.15604915618896484,
    0.15606822967529296,
    0.15334725379943848,
    0.15078520774841309
  ],
  "loss": [
    77.4803756719272,
    77.4803756719272,
    77.4803756719272,
    77.4803756719272
  ]
}