{
  "dimension": [
    500,
    1000,
    1500,
    2000,
    2500,
    3000,
    3500,
    4000,
    4500,
    5000,
    5500
  ],
  "thresholds": [
    1.0,
    0.25,
    0.1111111111111111,
    0.0625,
    0.04,
    0.027777777777777776,
    0.02040816326530612,
    0.015625,
    0.012345679012345678,
    0.01
  ],
  "times": [
    4.7153544425964355,
    5.107731819152832,
    5.520291566848755,
    5.80576229095459,
    6.06537389755249,
    6.172302722930908,
    6.288937091827393,
    6.534101724624634,
    6.607887268066406,
    6.768270492553711
  ],
  "primal_loss": [
    383.3894461353337,
    356.7046399660839,
    355.1466546525897,
    354.31727726324874,
    353.89476527961057,
    353.90258807923044,
    353.8822443138528,
    353.87971332731604,
    353.87903196488725,
    353.8822308176688
  ],
  "dual_loss": [
    -346.6797571784574,
    -352.6029904101249,
    -353.52593468493177,
    -353.7530888549845,
    -353.8278582636132,
    -353.84247806554436,
    -353.84877995506207,
    -353.8586995787837,
    -353.85995268330856,
    -353.862181473518
  ],
  "train_accuracy": [
    0.7098181818181818,
    0.6870909090909091,
    0.6869090909090909,
    0.6867272727272727,
    0.6872727272727273,
    0.6872727272727273,
    0.6872727272727273,
    0.6870909090909091,
    0.6870909090909091,
    0.6870909090909091
  ],
  "test_accuracy": [
    0.7127272727272728,
    0.6865454545454546,
    0.6850909090909091,
    0.6850909090909091,
    0.6858181818181818,
    0.6858181818181818,
    0.6858181818181818,
    0.6858181818181818,
    0.6858181818181818,
    0.6858181818181818
  ]
}