{
  "dimension": [
    1000,
    2000,
    3000,
    4000,
    5000,
    6000
  ],
  "thresholds": [
    0.1,
    0.01,
    0.001,
    0.0001
  ],
  "times": [
    2.8886754512786865,
    3.4834024906158447,
    4.3772828578948975,
    6.899011135101318
  ],
  "primal_loss": [
    261.4410308816458,
    261.1574440740207,
    261.1477277160842,
    261.1473127746324
  ],
  "dual_loss": [
    -260.9520284490449,
    -261.14508047311114,
    -261.14717136971916,
    -261.1472762218309
  ],
  "train_accuracy": [
    0.6865,
    0.68625,
    0.68625,
    0.68625
  ],
  "test_accuracy": [
    0.673,
    0.673,
    0.673,
    0.673
  ]
}