{
  "dimensions": [
    200,
    300,
    400,
    500
  ],
  "thresholds": 0.001,
  "times": [
    3.5190807342529298,
    1.2839972496032714,
    5.5833934307098385,
    11.615425395965577
  ],
  "loss": [
    -1235.6657477407173,
    -1870.0610108967496,
    -3126.5986098196295,
    -4219.604447271176
  ]
}