{
  "dimension": 2265,
  "thresholds": [
    0.1,
    0.01,
    0.001,
    0.0001
  ],
  "times": [
    9.034158945083618,
    17.024304628372192,
    34.45414733886719,
    55.197492361068726
  ],
  "primal_loss": [
    829.8767190472686,
    828.3844119747116,
    828.3224575977672,
    828.3105145618199
  ],
  "dual_loss": [
    -827.7960884011759,
    -828.2989332037223,
    -828.3092718548303,
    -828.3094645184493
  ],
  "train_accuracy": [
    0.8428256070640177,
    0.8432671081677704,
    0.8432671081677704,
    0.8437086092715231
  ]
}