{
  "dimension": [
    500,
    1000,
    1500
  ],
  "thresholds": [
    1.0,
    0.25,
    0.1111111111111111,
    0.0625,
    0.04,
    0.027777777777777776,
    0.02040816326530612,
    0.015625,
    0.012345679012345678,
    0.01
  ],
  "times": [
    0.31202125549316406,
    0.35851216316223145,
    0.32547950744628906,
    0.34595298767089844,
    0.35657262802124023,
    0.3647139072418213,
    0.38310670852661133,
    0.38362622261047363,
    0.38521409034729004,
    0.4082057476043701
  ],
  "primal_loss": [
    123.40686966021671,
    110.43892115503424,
    110.14387881557826,
    109.93301742663911,
    109.9405665293746,
    109.92226988505534,
    109.90732662997257,
    109.90004829091247,
    109.90301677942068,
    109.90021934991864
  ],
  "dual_loss": [
    -107.8179806875467,
    -109.6074641104036,
    -109.78705349561845,
    -109.86110178582364,
    -109.87831973874995,
    -109.884762060078,
    -109.8898079827857,
    -109.89046936120587,
    -109.8911149220406,
    -109.8928837525707
  ],
  "train_accuracy": [
    0.6806666666666666,
    0.6606666666666666,
    0.6606666666666666,
    0.6586666666666666,
    0.6586666666666666,
    0.66,
    0.6593333333333333,
    0.6586666666666666,
    0.66,
    0.66
  ],
  "test_accuracy": [
    0.7066666666666667,
    0.7146666666666667,
    0.7093333333333334,
    0.7173333333333334,
    0.7146666666666667,
    0.7146666666666667,
    0.7173333333333334,
    0.7173333333333334,
    0.7173333333333334,
    0.7173333333333334
  ]
}