{
  "dimension": [
    500,
    1000,
    1500,
    2000,
    2500,
    3000,
    3500,
    4000,
    4500,
    5000
  ],
  "thresholds": [
    1.0,
    0.25,
    0.1111111111111111,
    0.0625,
    0.04,
    0.027777777777777776,
    0.02040816326530612,
    0.015625,
    0.012345679012345678,
    0.01
  ],
  "times": [
    3.8058552742004395,
    4.133954286575317,
    4.414876937866211,
    4.698982000350952,
    4.801651239395142,
    4.920244216918945,
    5.077765941619873,
    5.272002220153809,
    5.411915302276611,
    5.427905082702637
  ],
  "primal_loss": [
    340.1993662697846,
    319.4800949021843,
    316.39499604352807,
    315.8481506201745,
    315.8927544033706,
    315.82522019916917,
    315.8008800557028,
    315.789823036506,
    315.79204707238495,
    315.7901493219264
  ],
  "dual_loss": [
    -309.1617631208484,
    -314.7852884129425,
    -315.5020810838516,
    -315.7000665246216,
    -315.74668010932754,
    -315.75734018243674,
    -315.76809764617224,
    -315.77723433133286,
    -315.778203681339,
    -315.7790825781713
  ],
  "train_accuracy": [
    0.7168,
    0.6944,
    0.6934,
    0.693,
    0.6932,
    0.6932,
    0.693,
    0.693,
    0.693,
    0.693
  ],
  "test_accuracy": [
    0.6864,
    0.6744,
    0.6736,
    0.6736,
    0.6744,
    0.6744,
    0.6736,
    0.6744,
    0.6744,
    0.6736
  ]
}