{
  "dimension": [
    500,
    1000,
    1500,
    2000,
    2500,
    3000,
    3500,
    4000,
    4500,
    5000,
    5500,
    6000,
    6500,
    7000,
    7500,
    8000,
    8500
  ],
  "thresholds": [
    1.0,
    0.25,
    0.1111111111111111,
    0.0625,
    0.04,
    0.027777777777777776,
    0.02040816326530612,
    0.015625,
    0.012345679012345678,
    0.01
  ],
  "times": [
    11.197509050369263,
    12.313255786895752,
    13.052364110946655,
    13.661365270614624,
    14.230780839920044,
    14.647632837295532,
    14.995161533355713,
    15.419942855834961,
    15.409212827682495,
    15.722456455230713
  ],
  "primal_loss": [
    582.3731226818277,
    545.9571976708628,
    538.7382137458737,
    538.096587643587,
    537.794941624358,
    537.7562292762645,
    537.7221253550043,
    537.712185905312,
    537.7144318859428,
    537.7084063621231
  ],
  "dual_loss": [
    -524.6978387578268,
    -535.8473480345338,
    -537.2348288112814,
    -537.5164140313187,
    -537.6313646245347,
    -537.6571582221782,
    -537.6746217371089,
    -537.6846634056814,
    -537.6847119334874,
    -537.686881792878
  ],
  "train_accuracy": [
    0.7409411764705882,
    0.6962352941176471,
    0.6889411764705883,
    0.687764705882353,
    0.6875294117647058,
    0.6876470588235294,
    0.688,
    0.688,
    0.688,
    0.688
  ],
  "test_accuracy": [
    0.736,
    0.6856470588235294,
    0.6743529411764706,
    0.6734117647058824,
    0.6734117647058824,
    0.6734117647058824,
    0.6734117647058824,
    0.6734117647058824,
    0.6734117647058824,
    0.6734117647058824
  ]
}