{
  "dimension": [
    1000,
    2000,
    3000,
    4000,
    5000,
    6000
  ],
  "thresholds": [
    0.1,
    0.01,
    0.001,
    0.0001
  ],
  "times": [
    4.131520509719849,
    5.129112958908081,
    6.871231317520142,
    11.062953233718872
  ],
  "primal_loss": [
    298.1650580608577,
    297.98081289618113,
    297.97460445508926,
    297.97425753717664
  ],
  "dual_loss": [
    -297.7065044650126,
    -297.96967099265936,
    -297.9741470506626,
    -297.97421551827205
  ],
  "train_accuracy": [
    0.7022916666666666,
    0.7020833333333333,
    0.7020833333333333,
    0.7020833333333333
  ],
  "test_accuracy": [
    0.6825,
    0.6825,
    0.6825,
    0.6825
  ]
}