{
  "dimension": [
    500,
    1000,
    1500,
    2000,
    2500,
    3000,
    3500,
    4000,
    4500,
    5000,
    5500,
    6000,
    6500,
    7000,
    7500,
    8000,
    8500,
    9000,
    9500,
    10000
  ],
  "thresholds": [
    1.0,
    0.25,
    0.1111111111111111,
    0.0625,
    0.04,
    0.027777777777777776,
    0.02040816326530612,
    0.015625,
    0.012345679012345678,
    0.01
  ],
  "times": [
    26.33676052093506,
    38.01976132392883,
    44.25964546203613,
    47.7402446269989,
    49.93837881088257,
    52.9782133102417,
    55.0724139213562,
    56.58679413795471,
    57.678359031677246,
    58.50738835334778
  ],
  "primal_loss": [
    5998.8580971481715,
    5805.614284672861,
    5790.541973330463,
    5785.783944314245,
    5785.740045736605,
    5785.65070908841,
    5785.153303869726,
    5785.220436887858,
    5785.170010898393,
    5785.085112549063
  ],
  "dual_loss": [
    -5514.365991532299,
    -5772.109391711884,
    -5782.6483589255595,
    -5784.273814976169,
    -5784.678690798545,
    -5784.894171277701,
    -5784.950523781757,
    -5784.979222136132,
    -5785.001141575493,
    -5785.006095331599
  ],
  "train_accuracy": [
    0.7577,
    0.7654,
    0.7637,
    0.7626,
    0.7626,
    0.7625,
    0.7627,
    0.7631,
    0.7627,
    0.7627
  ],
  "test_accuracy": [
    0.7504,
    0.7508,
    0.7524,
    0.7504,
    0.752,
    0.7508,
    0.7516,
    0.7516,
    0.7516,
    0.7512
  ]
}