{
  "dimension": [
    500,
    1000,
    1500,
    2000,
    2500,
    3000,
    3500,
    4000,
    4500,
    5000,
    5500,
    6000,
    6500,
    7000
  ],
  "thresholds": [
    1.0,
    0.25,
    0.1111111111111111,
    0.0625,
    0.04,
    0.027777777777777776,
    0.02040816326530612,
    0.015625,
    0.012345679012345678,
    0.01
  ],
  "times": [
    7.448519468307495,
    8.271484136581421,
    8.926079511642456,
    9.357584953308105,
    9.744229316711426,
    10.15879225730896,
    10.569189548492432,
    10.834277391433716,
    11.605658054351807,
    11.759558916091919
  ],
  "primal_loss": [
    482.1588263353713,
    444.84465996739937,
    441.89557545942995,
    441.05077176383327,
    440.9460265144947,
    440.92825126792246,
    440.90359311648467,
    440.89958486795933,
    440.89934069808027,
    440.89489170022586
  ],
  "dual_loss": [
    -431.600049744714,
    -439.3388812288451,
    -440.43563809137,
    -440.74043857363523,
    -440.823581589385,
    -440.85800458263355,
    -440.8739256122002,
    -440.87998794782993,
    -440.88197613553325,
    -440.8850214509189
  ],
  "train_accuracy": [
    0.7228571428571429,
    0.6917142857142857,
    0.6915714285714286,
    0.6915714285714286,
    0.6918571428571428,
    0.6915714285714286,
    0.6915714285714286,
    0.6917142857142857,
    0.6915714285714286,
    0.6917142857142857
  ],
  "test_accuracy": [
    0.7,
    0.6714285714285714,
    0.6708571428571428,
    0.6702857142857143,
    0.6702857142857143,
    0.6702857142857143,
    0.6702857142857143,
    0.6702857142857143,
    0.6702857142857143,
    0.6702857142857143
  ]
}