{
  "dimension": [
    500,
    1000,
    1500,
    2000,
    2500,
    3000,
    3500,
    4000,
    4500,
    5000,
    5500
  ],
  "thresholds": [
    1.0,
    0.25,
    0.1111111111111111,
    0.0625,
    0.04,
    0.027777777777777776,
    0.02040816326530612,
    0.015625,
    0.012345679012345678,
    0.01
  ],
  "times": [
    7.918306827545166,
    10.873608827590942,
    12.611088275909424,
    13.386948823928833,
    14.609554290771484,
    15.256685256958008,
    16.211625576019287,
    17.158222913742065,
    17.564210176467896,
    18.85425090789795
  ],
  "primal_loss": [
    3495.891752414811,
    3298.9022690618563,
    3284.5121484667457,
    3279.6063517320413,
    3279.3802357638856,
    3279.3898282825585,
    3279.051014137507,
    3279.038909300475,
    3279.0134799721404,
    3279.0205657719607
  ],
  "dual_loss": [
    -3165.0662724547888,
    -3271.869176592597,
    -3277.416496881788,
    -3278.3827694088754,
    -3278.754614712679,
    -3278.82314533237,
    -3278.8903604296343,
    -3278.922627190068,
    -3278.9316126713165,
    -3278.9474366220084
  ],
  "train_accuracy": [
    0.7563636363636363,
    0.7647272727272727,
    0.7638181818181818,
    0.7627272727272727,
    0.7616363636363637,
    0.7614545454545455,
    0.7616363636363637,
    0.7614545454545455,
    0.7612727272727273,
    0.7618181818181818
  ],
  "test_accuracy": [
    0.7323636363636363,
    0.7643636363636364,
    0.7643636363636364,
    0.7607272727272727,
    0.7621818181818182,
    0.7621818181818182,
    0.7621818181818182,
    0.7629090909090909,
    0.7614545454545455,
    0.7621818181818182
  ]
}