{
  "dimension": [
    500,
    1000,
    1500,
    2000,
    2500,
    3000,
    3500,
    4000,
    4500,
    5000,
    5500,
    6000
  ],
  "thresholds": [
    1.0,
    0.25,
    0.1111111111111111,
    0.0625,
    0.04,
    0.027777777777777776,
    0.02040816326530612,
    0.015625,
    0.012345679012345678,
    0.01
  ],
  "times": [
    5.483347415924072,
    6.003551244735718,
    6.475808143615723,
    6.840073108673096,
    7.014174461364746,
    7.269709825515747,
    7.411222696304321,
    7.622406244277954,
    7.749249219894409,
    7.843439817428589
  ],
  "primal_loss": [
    405.44742662757767,
    386.5831992654349,
    380.5688707775462,
    379.92150098331274,
    379.8884812427731,
    379.8581510602685,
    379.85627869046874,
    379.85948695881996,
    379.8508867055204,
    379.8575559228677
  ],
  "dual_loss": [
    -370.6600117169057,
    -378.6029467788591,
    -379.4798910716448,
    -379.73272368455696,
    -379.79343705638837,
    -379.82275609153663,
    -379.8295209071293,
    -379.8331743895553,
    -379.8362652011245,
    -379.8375601866224
  ],
  "train_accuracy": [
    0.7126666666666667,
    0.6973333333333334,
    0.6921666666666667,
    0.6915,
    0.6915,
    0.6915,
    0.6915,
    0.6915,
    0.6915,
    0.6915
  ],
  "test_accuracy": [
    0.6993333333333334,
    0.6806666666666666,
    0.6773333333333333,
    0.6773333333333333,
    0.6773333333333333,
    0.6773333333333333,
    0.6773333333333333,
    0.6773333333333333,
    0.6773333333333333,
    0.6773333333333333
  ]
}