{
  "dimensions": 500,
  "thresholds": [
    0.1,
    0.01,
    0.001,
    0.0001,
    1e-05
  ],
  "times": [
    11.160623407363891,
    11.106739377975464,
    11.111289834976196,
    11.084590196609497,
    11.113150310516357
  ],
  "loss": [
    -4044.6228296170652,
    -4044.6228296170652,
    -4044.6228296170652,
    -4044.6228296170652,
    -4044.6228296170652
  ]
}