{
  "dimension": 6500,
  "times": [
    0.3302459716796875,
    0.20018863677978516,
    0.30011749267578125,
    0.4001741409301758,
    0.500037431716919,
    0.60015869140625,
    0.7002441883087158,
    0.8001492023468018,
    0.900214433670044,
    1.0000178813934326
  ],
  "primal_loss": [
    6680.230195775739,
    9379.552717167568,
    6952.759052224554,
    6583.535356312697,
    7153.954445511277,
    6536.0109480951905,
    6562.177739546657,
    7599.932903497734,
    6250.690451995471,
    6042.619883337777
  ],
  "dual_loss": [
    -0.46766847407251816,
    -181.60525676230486,
    -686.1853707328313,
    -850.2469033723772,
    -1385.9783523439041,
    -1506.4307932637455,
    -1891.9499269196244,
    -2061.9902205405824,
    -2548.6670814948184,
    -2807.6348103636305
  ],
  "train_accuracy": [
    0.4584615384615385,
    0.4869230769230769,
    0.4869230769230769,
    0.49723076923076925,
    0.4869230769230769,
    0.49138461538461536,
    0.49323076923076925,
    0.4869230769230769,
    0.48953846153846153,
    0.5130769230769231
  ],
  "test_accuracy": [
    0.4707692307692308,
    0.496,
    0.496,
    0.5101538461538462,
    0.496,
    0.4978461538461538,
    0.5003076923076923,
    0.496,
    0.49846153846153846,
    0.504
  ]
}