{
  "dimension": [
    500,
    1000,
    1500,
    2000,
    2500
  ],
  "thresholds": [
    1.0,
    0.25,
    0.1111111111111111,
    0.0625,
    0.04,
    0.027777777777777776,
    0.02040816326530612,
    0.015625,
    0.012345679012345678,
    0.01
  ],
  "times": [
    1.057549238204956,
    1.5064117908477783,
    1.800241231918335,
    1.879225254058838,
    2.1220932006835938,
    2.128922700881958,
    2.176222324371338,
    2.259726047515869,
    2.398319959640503,
    2.432812452316284
  ],
  "primal_loss": [
    1603.4828811435875,
    1503.890876081483,
    1498.159968627225,
    1497.2908001328485,
    1497.0571620386693,
    1497.029325942554,
    1496.9519855136484,
    1496.846629639196,
    1496.814868910636,
    1496.8398476429463
  ],
  "dual_loss": [
    -1435.6216045336391,
    -1493.3670209646593,
    -1496.2140653195336,
    -1496.533135117429,
    -1496.6985423645724,
    -1496.7144415200664,
    -1496.7259357571174,
    -1496.7376179941605,
    -1496.7485404590952,
    -1496.751470146364
  ],
  "train_accuracy": [
    0.7464,
    0.7592,
    0.7604,
    0.7628,
    0.7616,
    0.7624,
    0.762,
    0.7628,
    0.7624,
    0.762
  ],
  "test_accuracy": [
    0.7488,
    0.7456,
    0.7456,
    0.7488,
    0.7472,
    0.7488,
    0.7488,
    0.7488,
    0.7488,
    0.7488
  ]
}