{
  "dimension": [
    1000,
    2000,
    3000,
    4000,
    5000,
    6000
  ],
  "thresholds": [
    0.1,
    0.01,
    0.001,
    0.0001
  ],
  "times": [
    9.78201150894165,
    13.392438650131226,
    23.28493070602417,
    31.627696990966797
  ],
  "primal_loss": [
    2936.112485802617,
    2934.6533636197787,
    2934.625227887315,
    2934.6184248096997
  ],
  "dual_loss": [
    -2933.4781134937575,
    -2934.6047865195874,
    -2934.617677425024,
    -2934.617858590342
  ],
  "train_accuracy": [
    0.760625,
    0.7610416666666666,
    0.7616666666666667,
    0.761875
  ],
  "test_accuracy": [
    0.7525,
    0.7566666666666667,
    0.7558333333333334,
    0.7566666666666667
  ]
}