{
  "dimension": [
    500,
    1000,
    1500,
    2000,
    2500,
    3000,
    3500,
    4000,
    4500,
    5000,
    5500,
    6000,
    6500
  ],
  "thresholds": [
    1.0,
    0.25,
    0.1111111111111111,
    0.0625,
    0.04,
    0.027777777777777776,
    0.02040816326530612,
    0.015625,
    0.012345679012345678,
    0.01
  ],
  "times": [
    6.53425145149231,
    7.036137819290161,
    7.479642868041992,
    7.875225782394409,
    8.151049852371216,
    8.50938630104065,
    8.822570323944092,
    9.009485483169556,
    9.248701333999634,
    9.605018615722656
  ],
  "primal_loss": [
    442.2200390032984,
    418.935178912262,
    413.9565802271361,
    413.06573744569226,
    412.9016505226908,
    412.848427877297,
    412.8254215892035,
    412.8555870517603,
    412.8249352762855,
    412.81024429369137
  ],
  "dual_loss": [
    -405.4126915840295,
    -411.5565729504834,
    -412.4181144556766,
    -412.66366038247145,
    -412.74255018708584,
    -412.77177056842896,
    -412.7838680904425,
    -412.7891302812749,
    -412.79400167805045,
    -412.79645508969554
  ],
  "train_accuracy": [
    0.7067692307692308,
    0.690923076923077,
    0.6907692307692308,
    0.6907692307692308,
    0.6907692307692308,
    0.6907692307692308,
    0.6907692307692308,
    0.6907692307692308,
    0.6907692307692308,
    0.6907692307692308
  ],
  "test_accuracy": [
    0.7052307692307692,
    0.6855384615384615,
    0.6855384615384615,
    0.6855384615384615,
    0.6855384615384615,
    0.6855384615384615,
    0.6855384615384615,
    0.6855384615384615,
    0.6855384615384615,
    0.6855384615384615
  ]
}