{
  "dimension": [
    500,
    1000,
    1500,
    2000,
    2500,
    3000,
    3500
  ],
  "thresholds": [
    1.0,
    0.25,
    0.1111111111111111,
    0.0625,
    0.04,
    0.027777777777777776,
    0.02040816326530612,
    0.015625,
    0.012345679012345678,
    0.01
  ],
  "times": [
    2.4711802005767822,
    3.406174898147583,
    3.8158929347991943,
    4.417157173156738,
    4.590135097503662,
    4.781508445739746,
    4.924288034439087,
    5.155598163604736,
    5.48160457611084,
    5.6228086948394775
  ],
  "primal_loss": [
    2159.793278561287,
    2083.2705271824066,
    2081.3518582300617,
    2081.1162533142747,
    2081.462826982562,
    2080.858634686043,
    2080.818775955824,
    2080.818752679035,
    2080.780734163769,
    2080.817745304679
  ],
  "dual_loss": [
    -1998.6971740663112,
    -2076.789243856882,
    -2079.721621887871,
    -2080.5415952790113,
    -2080.6471401878002,
    -2080.6822811418256,
    -2080.70464802274,
    -2080.7198897472786,
    -2080.730941625705,
    -2080.735128396756
  ],
  "train_accuracy": [
    0.7534285714285714,
    0.7648571428571429,
    0.7614285714285715,
    0.7614285714285715,
    0.7617142857142857,
    0.7608571428571429,
    0.7608571428571429,
    0.7608571428571429,
    0.7605714285714286,
    0.7611428571428571
  ],
  "test_accuracy": [
    0.7177142857142857,
    0.7314285714285714,
    0.7325714285714285,
    0.7314285714285714,
    0.7337142857142858,
    0.7314285714285714,
    0.7314285714285714,
    0.7325714285714285,
    0.7337142857142858,
    0.7337142857142858
  ]
}