{
  "thresholds": 0.01,
  "features": [
    20,
    30,
    40,
    54
  ],
  "times": [
    3.0167367458343506,
    12.713319778442383,
    16.777719974517822,
    24.81378746032715
  ],
  "primal_loss": [
    5226.772176899857,
    4059.858115166793,
    4049.0925189787426,
    3894.4301258662013
  ],
  "dual_loss": [
    -5223.499681310921,
    -4059.7996727035365,
    -4049.032590825128,
    -3894.369455845215
  ],
  "train_accuracy": [
    0.5993846153846154,
    0.7481538461538462,
    0.7493846153846154,
    0.7596923076923077
  ],
  "test_accuracy": [
    0.6018461538461538,
    0.7495384615384615,
    0.7415384615384616,
    0.7753846153846153
  ],
  "dimension": 6500
}