{
  "dimension": [
    1000,
    2000,
    3000,
    4000,
    5000,
    6000
  ],
  "thresholds": [
    0.1,
    0.01,
    0.001,
    0.0001
  ],
  "times": [
    5.877003192901611,
    8.548896074295044,
    9.968431949615479,
    11.65185546875
  ],
  "primal_loss": [
    2368.767811101433,
    2366.7638222528944,
    2366.630133919297,
    2366.6274369506837
  ],
  "dual_loss": [
    -2365.4750009887907,
    -2366.621621374114,
    -2366.6268332745717,
    -2366.6268518384563
  ],
  "train_accuracy": [
    0.76625,
    0.766,
    0.7665,
    0.7665
  ],
  "test_accuracy": [
    0.746,
    0.747,
    0.746,
    0.746
  ]
}