{
  "dimension": [
    500,
    1000,
    1500,
    2000,
    2500,
    3000,
    3500,
    4000,
    4500,
    5000,
    5500,
    6000,
    6500,
    7000,
    7500,
    8000
  ],
  "thresholds": [
    1.0,
    0.25,
    0.1111111111111111,
    0.0625,
    0.04,
    0.027777777777777776,
    0.02040816326530612,
    0.015625,
    0.012345679012345678,
    0.01
  ],
  "times": [
    9.831352949142456,
    10.75888466835022,
    11.7457115650177,
    12.611072063446045,
    12.96913456916809,
    13.44715666770935,
    14.016456365585327,
    14.220981359481812,
    14.62228536605835,
    14.705626010894775
  ],
  "primal_loss": [
    576.7218617674217,
    509.38978125348433,
    505.48133205373523,
    504.5084343041533,
    504.23972014201877,
    504.21131955615135,
    504.19836429562156,
    504.197090987642,
    504.20107087265944,
    504.1809322261362
  ],
  "dual_loss": [
    -492.7268215650783,
    -502.0714269291955,
    -503.5765245954849,
    -504.02167493721834,
    -504.0803135531399,
    -504.13103427440967,
    -504.1554354085265,
    -504.16179145837884,
    -504.16629139606766,
    -504.1670241523337
  ],
  "train_accuracy": [
    0.735875,
    0.691,
    0.69075,
    0.690875,
    0.69075,
    0.69075,
    0.69075,
    0.69075,
    0.69075,
    0.69075
  ],
  "test_accuracy": [
    0.726,
    0.6765,
    0.6755,
    0.6755,
    0.6755,
    0.6755,
    0.6755,
    0.6755,
    0.6755,
    0.6755
  ]
}