{
  "dimension": 1605,
  "thresholds": [
    0.1,
    0.01,
    0.001,
    0.0001
  ],
  "times": [
    3.983734369277954,
    6.091598033905029,
    8.591996192932129,
    16.59433913230896
  ],
  "primal_loss": [
    541.517863006494,
    540.6668081148204,
    540.5829755912713,
    540.5763518155742
  ],
  "dual_loss": [
    -540.3124636410143,
    -540.5703786484266,
    -540.5749843312208,
    -540.575065044741
  ],
  "train_accuracy": [
    0.8610591900311526,
    0.8629283489096573,
    0.8623052959501558,
    0.8623052959501558
  ]
}