{
  "dimension": [
    500,
    1000,
    1500,
    2000,
    2500,
    3000,
    3500,
    4000
  ],
  "thresholds": [
    1.0,
    0.25,
    0.1111111111111111,
    0.0625,
    0.04,
    0.027777777777777776,
    0.02040816326530612,
    0.015625,
    0.012345679012345678,
    0.01
  ],
  "times": [
    2.4074392318725586,
    2.660294771194458,
    2.776895046234131,
    2.870326280593872,
    2.948124647140503,
    3.0277099609375,
    3.0777337551116943,
    3.1569607257843018,
    3.1815268993377686,
    3.2892165184020996
  ],
  "primal_loss": [
    286.19287561939154,
    265.81422085534956,
    264.26151003646817,
    263.9081596658593,
    263.79352821361266,
    263.7622414129477,
    263.74476073923773,
    263.7379474731502,
    263.73528101991525,
    263.7317007902102
  ],
  "dual_loss": [
    -257.47567376068184,
    -263.12042258693054,
    -263.57230236828036,
    -263.6543420570859,
    -263.69202420933317,
    -263.71300112809035,
    -263.7185581514248,
    -263.7225216872387,
    -263.7231974679927,
    -263.7243255104083
  ],
  "train_accuracy": [
    0.6965,
    0.68225,
    0.68425,
    0.68275,
    0.68375,
    0.68375,
    0.68375,
    0.68375,
    0.68375,
    0.68375
  ],
  "test_accuracy": [
    0.725,
    0.716,
    0.715,
    0.715,
    0.714,
    0.714,
    0.714,
    0.714,
    0.714,
    0.714
  ]
}