{
  "dimension": [
    500,
    1000,
    1500,
    2000,
    2500,
    3000,
    3500,
    4000,
    4500
  ],
  "thresholds": [
    1.0,
    0.25,
    0.1111111111111111,
    0.0625,
    0.04,
    0.027777777777777776,
    0.02040816326530612,
    0.015625,
    0.012345679012345678,
    0.01
  ],
  "times": [
    5.225358963012695,
    6.718663215637207,
    7.834022760391235,
    8.615432739257812,
    9.019714117050171,
    9.327570676803589,
    10.22205638885498,
    11.024905681610107,
    11.106262683868408,
    12.111393451690674
  ],
  "primal_loss": [
    2702.2970674524445,
    2639.6109206474675,
    2622.4197255248005,
    2621.569799752629,
    2620.4414437616633,
    2620.0122011045437,
    2619.833907709121,
    2619.931120682955,
    2619.8533706400135,
    2619.778159166539
  ],
  "dual_loss": [
    -2517.494215384767,
    -2613.117746171629,
    -2618.6436243358494,
    -2619.3828278098913,
    -2619.513380228388,
    -2619.5817403925757,
    -2619.6526183295164,
    -2619.6891317613995,
    -2619.6946362041904,
    -2619.715995102034
  ],
  "train_accuracy": [
    0.7651111111111111,
    0.7642222222222222,
    0.7671111111111111,
    0.7684444444444445,
    0.7684444444444445,
    0.7684444444444445,
    0.7677777777777778,
    0.7684444444444445,
    0.7677777777777778,
    0.7677777777777778
  ],
  "test_accuracy": [
    0.7413333333333333,
    0.7386666666666667,
    0.7484444444444445,
    0.7493333333333333,
    0.7448888888888889,
    0.7448888888888889,
    0.744,
    0.744,
    0.7448888888888889,
    0.7448888888888889
  ]
}