{
  "dimension": 12000,
  "times": [
    1.0001871585845947,
    2.000300407409668,
    3.0004167556762695,
    4.000335931777954,
    5.000035524368286,
    6.000722646713257,
    7.000225305557251,
    8.000302076339722,
    9.000270128250122,
    10.000298500061035,
    11.000305414199829,
    12.000111818313599,
    13.000417232513428,
    14.000156164169312,
    15.000123977661133,
    16.000176191329956,
    17.000213146209717,
    18.000248193740845,
    19.00015115737915,
    20.00095224380493
  ],
  "primal_loss": [],
  "dual_loss": [],
  "train_accuracy": [
    0.5129166666666667,
    0.5129166666666667,
    0.5310833333333334,
    0.5129166666666667,
    0.5129166666666667,
    0.5075,
    0.5129166666666667,
    0.5129166666666667,
    0.5129166666666667,
    0.5129166666666667,
    0.5129166666666667,
    0.54225,
    0.5259166666666667,
    0.5129166666666667,
    0.52575,
    0.5131666666666667,
    0.5129166666666667,
    0.5188333333333334,
    0.5345,
    0.5129166666666667
  ],
  "test_accuracy": [
    0.516,
    0.516,
    0.5306666666666666,
    0.516,
    0.516,
    0.5076666666666667,
    0.516,
    0.516,
    0.516,
    0.516,
    0.516,
    0.5346666666666666,
    0.5256666666666666,
    0.516,
    0.5203333333333333,
    0.5153333333333333,
    0.516,
    0.5283333333333333,
    0.5416666666666666,
    0.516
  ]
}