{
  "dimension": [
    1000,
    2000,
    3000,
    4000,
    5000,
    6000
  ],
  "thresholds": [
    0.1,
    0.01,
    0.001,
    0.0001
  ],
  "times": [
    1.7020115852355957,
    2.399096727371216,
    3.593247413635254,
    13.285549879074097
  ],
  "primal_loss": [
    1406.1163952960098,
    1405.433430673107,
    1405.3909877931583,
    1405.3865399770116
  ],
  "dual_loss": [
    -1404.9043390542338,
    -1405.377313310215,
    -1405.385242985432,
    -1405.3862254011888
  ],
  "train_accuracy": [
    0.76875,
    0.7704166666666666,
    0.7704166666666666,
    0.7704166666666666
  ],
  "test_accuracy": [
    0.7516666666666667,
    0.7483333333333333,
    0.7483333333333333,
    0.7483333333333333
  ]
}