{
  "dimensions": 300,
  "thresholds": 0.0001,
  "features": [
    100,
    200,
    300,
    400
  ],
  "times": [
    7.025294542312622,
    7.200829315185547,
    2.436186408996582,
    2.6544954776763916
  ],
  "loss": [
    -1464.261515788059,
    -168.1396264292202,
    -27.4420514042256,
    -13.017947785119356
  ]
}