{
  "dimension": [
    1000,
    2000,
    3000,
    4000,
    5000,
    6000
  ],
  "thresholds": [
    0.1,
    0.01,
    0.001,
    0.0001
  ],
  "times": [
    2.8489973545074463,
    3.4690439701080322,
    4.240890741348267,
    4.807944059371948
  ],
  "primal_loss": [
    261.3156231366787,
    260.7663115651687,
    260.7570689085516,
    260.75651577989987
  ],
  "dual_loss": [
    -260.5425727671359,
    -260.7530764588891,
    -260.75643038628976,
    -260.75646660652507
  ],
  "train_accuracy": [
    0.692,
    0.69025,
    0.69025,
    0.69025
  ],
  "test_accuracy": [
    0.663,
    0.664,
    0.664,
    0.663
  ]
}